documentid,paymentid,amount,date,vendor_name,vendor_address
00d0624439175,00p0535380313,72.90,2916-4-17,MR. D.I.Y. (KUCHZAI) SDNBHD,"LOT 1851-A & 1851-B, JALAN KPB 6, KAWASAN PERINDUSTRIAN BALAKONG, 43300 SERI KEMBANGAN, SELANGOR"
00d0654270874,00p0432205035,43.90,2016-6-7,FOUR QUARTERS SDN BHD,NO.28G JLN SS21/35 DAMANSARA UTAMA PETALING JAYA 47400 SELANGOR
00d0403711886,00p0174820163,32.23,2018-10-1,SYARIKAT PERNIAGAAN GIJ KEE,"NO 290, JALAN AIR PANAS, SETAPAK, 53020, KUALA LUMPUR."
00d0956164753,00p0943784617,503.10,2018-3-23,TIMELESS KITCHENETE SDN BHD,"LLT 50, FLOOR T2,SKY AVENUE GENTING HIGHLANDS PAHA NG, 690000 PAHANG MALAYSIA"
00d0667839698,00p0762437501,1110.0,2016-2-28,SIN THEY & COMPANY,"NO.54, BATU 5,JALAN IPOH, KG.BATU, 5110 KUALA LUMPUR"
00d0841246769,00p0690993010,7.70,2018-4-3,UNIHAKKA INTWERNATIONAL SDN HBD,"12, JALN YAMPOI 7/4,KAWASAN PERINDUSTRIAN TANPOI,81200 JOHOR BHARU,JOHOR"
00d0414196980,00p0470919234,2.30,2018-3-14,ERSTORAN WAN SHENG,"NO.2, JALAN TEMENGGUNG 19/9, SEKSYEN 9, BANDAR MAHKOTA CHERAS, 43200 CHERAS, SELANGOR"
00d0726523245,00p0442551242,23.0,2018-4-27,MR. D.I.Y. (M) SN BHD,"LOT 1851-A & 1851-B, JAL AN KPB 6, KAWASAN PERINDUSTRIAN BALAKONG, 43300 SERI KEMBANGAN, SELANGOR"
00d0320587587,00p0481647612,28.8,2019-1-23,S.H.H. MOTOR (SUNGAI RENGIT) SDN. BHD.,"NO. 443, JALAN KURAU, SUNGAI RENGIT, 81620 PENGERAN, JOHOR."
00d0333208815,00p0637007543,8.20,2018-4-16,UNIHAKKA INTERNATIONAL SDN BHD,"12, JALAN TAMPOI 7/4,KAWASAN PERINDUSTRIAN TAMPOI,81200 JOHOR BAHRU,JOHOR"
00d0330533884,00p0365532287,50.60,2017-8-19,GARDENIA BAKERIES (KPL) SDN BHD,"LOT 3, JALAN PELABUR 23/1, 40300 SHAH ALWM,SELNAGOR."
00d0694627982,00p0501636084,101.75,2018-3-22,KHE ELECTRICAL TRADJNG,"33-G JALAN MAJU 3/1 TAMAN IEMBAH MAJU CHERAS, 56100 KL"
00d0408017404,00p0214917278,15.0,2017-6-15,AIKHUAT HARDWARE ENTERPRISE (SETIA ALAM) SDN BHD,"NO. 17-G, JALAN SETIA INDAH (X) U13/X, SET1A ALAM, SEKYSE N U13, 40170 SHAH ALAM,"
00d0447521528,00p0751195172,3.20,2018-6-4,MR. D.I.Y. (M) SDN BHD,"LOT 1851-A& 1851-B, JALAN KPB 6, KAWASAN PERINDUSTRIAN BALAKONG, 4300 SERI KEMBANGAN, SELANGOR"
00d0194076657,00p0262820541,61.65,2106-12-14,99 SPEED MATR S/B,"LOI P.T. 2811, JALAN ANGSA, TAMAN BERKELEY 41150 KLANG, SELANGOR 1320-TMN BATU"
00d0546591203,00p0593910902,2148.40,2017-12-28,SYARIKAT PERNIAGAAN GI KEE,"NO 290, JALAN AIR PANAS. SETAPAK, 5320, KUALA LUMPUR"
00d0116292534,00p0895990239,13.78,2017-7-7,GUARDIAN HEALTH AND BEAUTY SDNBHD,"LOFT B-005-006, BASEMENT LEVEL 1 THE STARLING MALL JALAN SS21/60, DAMANSARA TUAMA."
00d0796308197,00p0407771995,28.0,2018-3-18,PASAR MINI JIN SEBNG,"3 79, JALAN PERMAS SATU, BANDAR BARUPERMAS JAYA 81750 PLENTOONG, JOHOR."
00d0992127574,00p0517597215,15.40,2017-10-4,RATRANGE STATIONERS & PRINT SDM BHD,44 JALAN SS21/58 DAMANSARA UTAMA 47400 PETALING JAYA
00d0961798581,00p0463809068,20.0,2018-4-28,CH ECKERS HYPERMARKEY SDN BHD (JALAN KLANG LAMA),"LOT 2942& 2945, JLN SERI SENTOSA 8, SERI SENTOSA, OFF JLN KLANG LAMA, 58000 KUALA LUMPUR."
00d0267909555,00p0882374522,42.50,2018-12-3,AFON CO. (M) BHD,"3RD FKR, AEON TAMAN  MALURI SC JLN JEJAKA, TAMAN MALURI CHERAS, 55100 KUALA LUMPUR"
00d0973462000,00p0144991713,33.50,2017-1-11,SANYU STATIONERY SHOP,"NO. 31G&33G, JLAAN SETIA INDAH X ,U13/X 4017 0 SETIA ALAM"
00d0280864237,00p0684214864,174.9,2018-3-31,KEDAI PAPAN YEW CHUAN,"LOT 276 JLAN BANTINNG 43800 DENGKIL, SELANGOR."
00d0697219524,00p0587545672,21.0,2018-3-24,GOLDEN KEY MAKER,"NO 5, JALAN KENARI 2, BANDARPUCHONG JAYA, 47100 PUCHONG, SELANGOR"
00d0145695018,00p0718364066,31.88,2017-3-8,GARDENIA BAKERIES (KL) SDN BHD,"LOT 3, JAALN PELAVUR 23/1, 40300 SHAH ALAM, SELANGOR."
00d0330285744,00p0631203393,9.90,2017-12-28,MR. D.KKI.Y. SDN BHD,"LOT 1851-A & 1851-B, JALAN KPB 6, KAWASAN PERINDUSTRIAN BALAKON G, 43300 SERUI KEMBANGAN, SELANGOR"
00d0477960526,00p0705646963,738.80,2018-1-29,KAISON FURNISHING SDN BHD,"L4-17 (B), LEVEL 4, UP2-o1, MELAWATI MALL, 355, JALAN BANDAR MELAWATI, LUSAT BANDAR MELAWATI, 53100KUALA LUMPUR."
00d0955195431,00p0302498197,3.21,2017-9-16,GARDENIA BAKERIES (KL) SDN BHD,"LOT 3, JALAN PEABUR 23/1, 40300 SHAHALAM, SELANGOR."
00d0167381962,00p0715847540,5.90,2018-3-22,EON CO. (M) BHD.,"3 FLOOR, AENO TAMAN MALURI SC JLN JEJAKA, TAMAN MALURI CHERAS, 55100 KUALA LUNMPUR"
00d0614628355,00p0431283627,6.70,2018-3-21,RESTORAN WAN SHENG,"NO.2, JALAN TEMENGUNG 19/9, SEKSYEN 9, BANXDAR MAHKOTA CHERSA, 43200 CHERAS, SELANGOR"
00d0761346037,00p0970401441,78.7,2017-6-2,YONG SOON FATT S/B,"LOT 1504, BATU 8 1/2, JALAN KLANG LAMA, 46000 PETALING JAYA, SELANGOR."
00d0502129574,00p0167188091,48.35,2018-4-22,AEON CO. (M) BHD,"3RD FLR, AEON TAMAN MALURI SC JLN JEJAKA, TAMAN MALURI CHERAA, 55100 KUALA LUMPUR"
00d0686078737,00p0323939555,6.0,2018-3-24,BHPFTROL PALEKBANG,"LOT 1626, MUKIM KAMPUNG LAUT TUMPAT 06200 PALEKBANG, KELANTAN"
00d0674212079,00p0529478577,35.0,2017-7-18,SANYU STATUIONERY SHOP,"NO. 31G&33G, JALAN SETIA INDAH X ,U13/X 40170 SETIA ALAM"
00d0989196649,00p0523451307,2.12,2018-2-1,SYARIKAT PERNIAGAAN GIN KEE,"NO 290, JALAN AIR PANAS, SETAPAK, 5320, KUALA LUMPUR."
00d0797361085,00p0576411363,31.32,2017-1-10,GARDENIA BAKERIES (KL) SDN BHD,"LOT 3, JALAN PELABUR 23/1, 40300 SHAH ALAM, SELANGOR."
00d0592118004,00p0633720400,9.50,2018-3-27,ANZEL ADVERTISING (M) SDN BHD,"UNIT G-5B, GROUND FLOOR, WISMA UOA II, NO 21, JALAN PINANG, 50450 KUALA LUMPUR, MALAYSIA"
00d0130065999,00p0329094365,0.0,2018-6-4,HA SHAPETROKIOSK,LOT PTD 198718 TMN SIERRA P 81750 MASAI JOHOR
00d0781074499,00p0886705882,18.80,2018-4-16,FFAMILYMART,"NO 16A, JALANASTAKA U8/83, BUKIT JELUTONG. 40150 SHA H ALAM, SELANGGOR, D.E."
00d0682329345,00p0351654459,182.0,2017-11-22,99 SPEED MART S/B,"LOT P.T. 281, JALAN ANGSA, TAMAN BERKELEY 41150 KLANG, SELANGOR 1214-JINJANG UTARA"
00d0523654121,00p0743746912,3.70,2018-3-2,9 SPED AMRT S/B,"LOT P. T. 2811, JALAN ANGSA, TAMAN BERKELEY 41150 KLANG, SELANGOR 1934-LAMAN RIMBUNAN"
00d0458708415,00p0181103497,36.3,2017-8-25,GARDENIA BAKERISE (KL) SDN BHD,"LOT 3,JALAN PELABUR 23/1, 40300 SHAH ALAM, SELANGOR."
00d0868680143,00p0713529193,45.0,2017-6-19,FIEV STAR CASH & CARRY,"G.23 & G.22, PLAZA SERI SETIA, N.1 JALAN SS 9/1, 47300 PJ, SSELANGOR."
00d0270398034,00p0947317720,58.86,2017-10-29,GARDENIA BAKERIES (KL) SDN BHD,"LOT 3, JALAN PELABUR 23/1, 40320 SHAH ALAM, SEPANGOR."
00d0827589883,00p0857101566,100.60,2018-3-92,TON MYOLY VIVA CITY,"UNIT L1-44B, VIVACITY MEGAMAL, JALAN WAN ALWI, 93350 KUCHING, SARAWAK."
00d0757440459,00p0390461097,75.0,2018-6-3,AEON OC. (M) BHD,"3RD FLR, AEON TAMAN MALURI SD JLN JEJAKA,TAMAN MALURI CHERAS, 55100 KUALA LUMBUR"
00d0821795963,00p0364950070,11.20,2018-5-5,UNIHAKKA INTERNATIONAL SDN BHD,"12, JALAN TAMPOI 7/4,KAWASAN PERINDUSTRIAN TAMPOI,8120 JOHOR BAHRU,JOHOR"
00d0234070159,00p0159757151,20.50,2018-1-2,MYHAPBY PHARMACY PLT,"NO 12 GF, JALAN MAMANDA 5,TAMAN DATO AHMAD RAZALI, JALAN AMPANG, 6800 AMPANG, SEALNGOR."
00d0355426817,00p0795255653,25.0,2018-4-13,GHEE HIANG GH CDISTRIBUTOR & MARKETING SDN BHD,"95 , BEACH ROAD, 10300 PENANG. 1040 PNANG."
00d0529128132,00p0289935651,11.40,2018-5-22,UNIHAK KA INTERNATIONAL SDN BHD,"12, JALAN TAMPOI 7/4,KAWASANN PERINDUSTRIAN TAMPOI,8120 JOHOR BAHRU,JOHOR"
00d0533588228,00p0909399571,88.200,2018-3-14,PASARAYA BORONG PINTARSDN BHD,"NO 19-G& 19-1& 19-2 JALAN TASIK UTAMA 4, MEDAN NIAGA TASIK DAMAI"
00d0749666123,00p0842405134,7.0,2017-4-12,FY EAGLE ENTERPRISE,"NO. 42, JALAN PBS 14/11, TAMAN PERINDUSTRIAN BUKIT SERDANG, 43300 SERI KEMBANGAN, SELANGOR"
00d0630325043,00p0639094736,39.75,2018-2-1,SYARIKAT PERNIAGAAN GIN KEE,"MNO 290, JALAN AIR PANAS, SETAPAK, 53200, KUALA LUMPUR."
00d0266020596,00p0596184018,141.50,2018-5-2,99SPEED MART S/B,"LOT P.T. 2811, JALAN ANGSA, TAMAN BERKELEY 41150 KLANG, SELANGOR 1317 TRILLIUM S6 BESI"
00d0975647950,00p0767986934,2.228,2018-5-18,GUARDIAN HEALTH AND BEAUTY SDN BHD,NO 15 JALAN BANDAR RAWANG 10 BANDAR BARU RAWANG
00d0484942812,00p0430352391,99.0,22017-4-12,ASO ELECTRICAL TRADING SDBN BHD,"NO 31G, JALAN SEPADU C 25/C, SECTION 25, TAMAN INDUSTRIES, AXIS  40400 SHAH ALAM, SELANGOR."
00d0708429922,00p0327748806,14.74,2017-10-21,GARDENIA BAKERIES (KL) SDN BHHD,"LOT 3, JALAN PELABUR 23/1, 4030 SHAH ALAM, SELANGOR."
00d0543406251,00p0787809275,3.0,2017-12-8,SANYU STATIONERY SHOP,"NO. 31G&3G, JALAM SETIA INDAH X ,U13/X 40170 SETIA ALAM"
00d0363399593,00p0290349052,37.10,20018-3-14,MR. D.I.Y. (M) SDN BHD,"LOT 1851-A & 1851-B, JALAN PKB 6,KAWASAN PERINDUSTRIAN BALAKONG, 43300 ZERI KEMBANGAN, SELANGOR"
00d0920231897,00p0316248340,65.0,2017-7-19,SANYU STATIONERY SHOP,"MO. 31G&33G, JAOAN SEITA INDAH X ,U13/X 40170 SETIA ALAM"
00d0855903342,00p0127064157,2133.0,2018-2-17,99 SPEEDMART S/B,"LOT P. T. 2811, JALAN ANGSA, TAMAN BER KELEY 41150 KLANG,SELANGOR 1181-TMN SRI SINZR"
00d0196808024,00p0748973674,2.0,2017-5-7,SANYV STTAIONERY SHOP,"NO. 31G&3G, JLAAN SETIA INDH X ,U13/X 40170 SETIA ALAM"
00d0212522180,00p0436073629,153.35,2018-12-2, TED HENG STAITONERY & BOKE,"NO. 53, JALAN BESAR, 45600 BATANG BERJUNTAI SELANGOR DARUL EHSAN"
00d0282395578,00p0703711097,5.0,2017-7-19,SANYU STATIONERYSHOP,"NO. 31G&33G, JAALAN SETIA INDAH X ,U13/X 40170 SETIA ALAKM"
00d0668346631,00p0565040471,108.50,2018-2-17,99 SPEED MARTS/B,"LOT P. T. 2811, JALAN ANGSA, TAMAN BERKELEY 41150 KLANG, SELANGOR 13622-JLN DEVELOPMENT"
00d0806991732,00p0575374416,62.60,2017-10-3,GAARDENIA BAKERIES (KL) SDJN BHD,"LOT 3, JALAN PELABUR 24/1, 40300 SHAH ALAM, SELANGOR."
00d0648982621,00p0264398028,17.70,2018-2-19,AEON CO. (M) HD,"3RD FLR, AEON TAMAN MALURI SC JLN JEJAKA, TAMAN MALURI CHERAS, 55100 KUALA LUMPUR"
00d0530467663,00p0766439337,4.0,2018-5-24,GUARDIAN HEALTH AND BEAUTY SDN BH,NO 15 JALAN BAMDAR RAWANG 10 ABNDAR BARU RAWANG
00d0449236994,00p0685888573,21.40,2017-10-8,TRI SHAAS SDN BHD,"4-20, JALAN RIA 255/62 TAMAN SRI MUDA SEKSYEN 25, 40400 SHAH ALAM SRLANGOR"
00d0288011947,00p0295207206,1.10,2018-5-25,GERBABG ALAF RESGTAURANTS SDNN BHD,"LEVEL 6, BANUGNAN TH,DAMANSARA UPTOWN3 NO.3, JALAN SS21/39,47400 PETA ING JAYA SELANGOR"
00d0837897960,00p0497880322,53.5,2018-6-1,LIAN CHI PU TIAN VEGETARIAN RESTAURANT SDN BHD,"54,JALAN SS23/11 TAMAN SEA,47400 PETALING JAYA,SELANGOR"
00d0266548523,00p0113258314,99.780,2017-9-8,KIK QO HANDEL SDN BHD,NO 2A JALAN COCHRNAE TAMAN MALURI 551000 KUALA LUMPUR
00d0114026522,00p0156234747,12.72,2018-1-13,SARIKAT PERNIAGAAN GIN KEE,"NO 290, JALAN AIR PANAS, SETAPAK, 5320, KUALA LUMPUR."
00d0945045450,00p0396091414,41.50,2018-4-21,METAI INIITAL SDN BHD,"NO.37-1, PLAZA DANAU DESA 2, JALAN 1010F, TAMAN DANAU DESA, 58100 KUALA LUMPUR."
00d0158328888,00p0468345627,88.20,2018-3-5,UNIHAKKA INTERNATIONAKL SDN BHD,"12, JALAN TAMPOI 7/4,KAWASAN PERINDUSTRIAN TAMPOI,81200 JOHOR BABRU,JOHOR"
00d0388872730,00p0952103823,9.745,2018-11-7,DIMILIKI OLEH T PLUS F&B SDN. BHD.,"PARADIGM MAKLL LOT NO.: 4F-27 & 4FK-38, 4TH FLOOR"
00d0760612254,00p0606612760,11.80,2018-11-2,PPOPULAR BOOK CO. (M) SDN BHD,"NO 8, JALAN 7/118B, DESA TUN RAZAK 56000 KUALA LUMPUR, MALAYXIA AMPANG POINT CENTRE"
00d0975647472,00p0733503960,339.87,2017-10-23,GARDENIA BAKERIES (KL) 8DN BHD,"LOT 3, JALZZAN PELABUR 23/1, 40300 SHAHALAM, SELANGOR."
00d0678943517,00p0868921215,39.90,2018-3-29,TONMO LY VIVA CITY,"UNIT L1-044B, VIVACITY MEGAMALL, JALAN UAN SALWI, 93350 KUCHING, SARAWAK."
00d0749169797,00p0421489461,41.44,2017-8-28,GARDENIA BAKERIES (KL) SDN BHD,"OT 3, JALAN PELABUDR23/1, 40300 SHAH ALAM, SELANGOR."
00d0202261292,00p0572402856,2650.0,2017-10-10,ELKEN SERVICCE SDN HD,NO 2-1 JALAN 3/137B BATU 5 JALAN KELANG LAMA 580000 KUZAL A LUMPUR
00d0582681704,00p0141747649,29.80,2018-5-1,FUN N CHEER (MALURI),"LOT 37636 , JALAN 6/37A, TAMAN BUKIT MALURI , 52100 KUALA LUMPU"
00d0911031443,00p0930146937,0.0,2018-10-4,BHPETROL PERMAS JAYA 2,"LOT PTD 101051 JALAN PERMAS 10/10 81750 MASAI, JOHOR"
00d0685723809,00p0488512748,9.50,2018-4-19,R&C VENTURE SDN BHD,"LOT-18A-2, BERJYAA TIMES SQUARE, KUALA LUMPUR."
00d0891802782,00p0395064343,2.8,2017-12-11,RESTIORAN WAN SHENG,"NO. 2, JALAN TEMENGGUNG 19/9, SEKSYEN 9, BANDAR MAHKOTA CHERAS, 43200 CHERAS, SELANGOR"
00d0887482293,00p0455158412,51.2,2017-5-10,GARDENIA BAKER IES (KL) SDN BHD,"LOT 3, JALAN  PELBUR 23/1, 40300 SHAH ALAM, SELANGOR."
00d0202365816,00p0890122898,119.70,2018-3-15,MR. D.I.Y.(KUCHAI) SDN BHD,"LOT 1851-A & 1851-B, JALAN KPB 6, KAASANPERINDUSTRIAN BALAKONG, 43300 SERI KEMBANGAN, SELANGOR"
00d0485758378,00p0675676803,133.25,2018-2-1,SYARIKAT PERNIAGAAN GINKEE,"NO 290, JALAN AIRR PANWS, SETAPAK, 53200, KUALA LUMPUR."
00d0384870576,00p0143181640,41.95,2018-1-18,BHPETROL SUBANG AIRPORT,JALAN LAPANGAN TERBANG ZSUBANG 4720 SUBANG SELANGOR
00d0237756126,00p0406807023,8.7,2017-7-15,SANYU ZTATIONERY SHOP,"NO. 31G&33G, JAALN SETIA INDAH X ,U13/X 4 0170 5ETIQA ALAM"
00d0737345187,00p0131088902,7.50,2017-2-2,KIMG'S CONFECTIONERY S/B,"LOT NO. G23, GIANT KELANA JAYA LOT PT244, JLN PERBANDARAN S6/4 PUSAT BANDAR KELANA JAYA, PETALING"
00d0782503250,00p0472611138,30.9,2018-4-28,DOMINO'S PIZA,"DOMINO'S PIZZA TAMMAN UNIVERSITI 30, JLN  KEBUDAYAAN 7, TMN UNIVERSITI 81300 SKUDAI, JOHOR"
00d0396057665,00p0505228756,83.0,2018-3-23,ADVANCO COMPAN Y,"NO 1&3, JALAN WAGNSA DELIMA 12, WANGSA LINK, WANGSA MAJU, 53300 KUALA LUMPUR"
00d0785646736,00p0541259561,4.80,2018-3-41,RESTORAN WAN SHENG,"NO.2, JALAN TEMENGGUNG 19/9, SEKSYEN 9, BANDAR M AHKOTA CHERAS, 43200 CHERAS, SELANGOR"
00d0354051709,00p0287204728,374.20,2018-2-2,LEE WAH FLORIIST SDN BHD,"129, JALAN TUN H.S LEE, 50000 KUALA LU MPUR."
00d0929882897,00p0685777448,42.18,3017-9-17,GARDENIA BAKERIES (KL) SDN BHD,"LOT 3, A JLAN PELABUR 23/1, 40300 SAH ALAM, SELANGOR."
00d0511840834,00p0790633732,3.90,2017-10-18,MR. D.I.T. SDN BHD,"LOT 1851-A & 1851-B, JALAN KPB 6, KAWASAN PERINDUSTRIAN BALAKONG, 43300 SERII KEMBANGAN, SELANGOR"
00d0627357411,00p0476388910,14.990,2018-3-24,MR. D.I.. (M) SDN BHD,"LOT 1851-A & 1851-B, JALAN KPB 6, KAWAASAN PERINDUSTRIAN BALAKONG,43300 SERI KEMBANGAN, SELANGOR"
00d0192025858,00p0326364881,19.32,2017-55-8,GARDENIA BAKERIES (KL) SDN BHD,"LOT 3, JALANPLABUR 23/1, 40300 SHAH ALAM, SELANGOR."
00d0889453684,00p0880117618,55.15,2018-11-3,POPULAR BOOK CO. (M) SDN BHD,"NO 8, JALAN 7/118B, DESA TUN RAZAK 56000 KUALA LUMPUR, MALAYSI."
00d0358154075,00p0879802402,2.90,2017-7-11,SANYU STATIONERY SHOP,"NO. 31G&3G, JALAN SETIA INDAH X ,U13/X 40170 SETIA ALAM"
00d0871332887,00p0499564866,174.90,2018-3-17,KEDAI PAPPAN Y EW CHUA,"LOT 276 JALAN BANTING 43800 DENGKIL, SELANBGOR."
00d0799986048,00p0608772782,104.0,2018-9-4,GL HANDICRAFT & TAII ORING,"19, JALAN KANCIL, OFF JALAN PUDU, 55100 KUALA LUMPUR MALAYSIA"
00d0233173701,00p0323056253,11.25,2018-4-18,BRERY'S CAKE HOUSE,"NO.1, JON PUERI 1/6, BANDAR PUTERI, 47100 PUCHONG, SELANGOR"
00d0201833623,00p0324871412,73.30,2017-12-23,IKKANO HANDEL SDN BH,NO 2A JALAN COCHRNAE TAMAM MALURI 55100 KUALA LUMPUR
00d0477553790,00p0121022990,148.0,2017-7-15,K STATIONERY & OFFICE SUPPLIES,"NO.9, JALAN MANIS 3, TAMAN SEGAR CHERAXS, 56100 KUALA LUMPUR."
00d0532350198,00p0316824870,176.0,2018-9-3,RESTAURAANT SIN DU,"K3-113, JL IBRAHIM SULTAN 80300 JOHOR BAHRU JOHOR"
00d0196984382,00p0871887790,111.90,2016-66-12,COSWAY (M) SDNBHD,"2ND FLOR, WISNA COSWAY, JALAN RAJA CHULAN, 0520 KUALA LUMPUR, MAKLAYSIA."
00d0568013096,00p0593273757,28.450,2018-2-3,GERBANG ALAE RESTAURANTS SDN GHD,"LEVEL 6, BANGUNAN TH, DAMANSARSA UPTOWN3 NO.3, JALAN SS21/39, 47400PETALING JAYA SELANGOR"
00d0416368925,00p0844243948,14.10,2017-12-29,SAM SAM TRADING CO,"67,JLN MEWAH 255/63 TMN SRI MUDA, 40400 ZHAH ALAM."
00d0119878906,00p0475075321,6.70,2018-8-5,OMINO'S PIZ7A TAMAN UNIVERSITI,"30, JLN KEBUDAAYAN 7, TMN UNIVERSIT I 81300 SKUDAI, JOHOR"
00d0721665358,00p0428826590,270.0,2018-6-4,SELASIH EKSL UUSIF SDN BHD,88 JALAN IBRAHIM SULTAN STULANG LAUT 80300 JOHOR BAHRU
00d0225816395,00p0798758050,7.10097,2017-8-17,GARDEINA BAKERIES (KL) SDN NHD,"LOT 3, JALAN PELABUR 23/1, 4030 SHAH ALAM, SELANGOR."
00d0164592408,00p0832340464,56.0,2018-5-3,RSTROAN WAN SHENC,"NO.2, JAPLAN TEMENGGUNG 19/9, SEKSYEN 9, BANDAR MAHKOTA CHERAS, 432000 CHERAS,SELANGOR"
00d0375035482,00p0789905639,51.9,2018-9-4,ENW HARDWARE CENTRE (M) SDN. BHD.,"NO: G3, BLK G, JLN PJU 1A/3, ARA DAMANSARA, 47301 PETALING JAYA, SEKANGOR DARUL EHSAN."
00d0973066652,00p0929343672,327.0,2019-11-1,SOON HUAT MACHINERY ENTERPRISE,"NO.53 JALAN PUTRA 1, TAMAN SRI PURA, 8120 JOHOR BAHRU JOHORR"
00d0558270937,00p0929145824,8.20,2018-4-9,UNIHAKKA INTERNATIONAL SDN BHD,"12, JALAN TAMPOI 7/4,KAWASAN PERINDUSTRIAN TAMPOI,81200 JOHORBAHRU,JOHOR"
00d0400479663,00p0585305120,44.73,2018-4-1,SYARIKAT PERNIAGAAN GINKEE,"NO 290, JALAN AIR PANAS, 5ETAPAK, 53200, KUALA LUMPUR."
00d0676485252,00p0410626928,7.60,2018-3-22,UNIHAKKA INTERNATIONAL SDN BHD,"12, JALAN TAMPOI 7/4,KAWASAN PERINDUSTRIAN TAMPIO,8120 JOHOR BAHRU,JOHOR"
00d0948483091,00p0456014834,12.50,2016-4-22,MR. D.I.Y. (KUCHAI) SDN BHD,"LOT 1851-A & 1851-B, JALAN KPB 6, KAAWSAN PERINDUSTRIAN BALAKONG, 43300 SERI KEMBANGAN, SELANGOR"
00d0876488640,00p0891541643,3.0,2016-4-71,MR. D.I.Y. (KUCHAAI) SDN BHD,"LOT 1851-A & 1851-B, JALAN KPB 6, AWASAN PERINDUSTRIAN BALAKONG, 43300 SERI KEMBANGAN, SELANGOR"
00d0879733105,00p0406860767,78.30,2016-7-29,ECOSEAY.COM SDN BHD,"2ND FLOOR, WISMA COSWAY, JALAN RAJA CHULAN, 50200 KUALA LUMPUR, MALAYSIA."
00d0705950948,00p0771144945,46.6,2017-8-10,GADRENIA BAKERIES (KL) SDNBHD,"LO 3, JALAN PELABUR 23/1, 40300 SHAH APAN, SELANGOR."
00d0641642649,00p0253348338,41.85,2017-3-20,B & BEST RESTARUANT,"NO.12, JALAN S4C/5,PETALING JAYA SELANGOR DARUL EHSAN"
00d0449498451,00p0846025533,3.10,2018-3-18,GEBRANG ALAF RESTAURANTS SDN BHD,"LEVEL 6, BANGUNAN TH, DAMANSARA UPTOWN3 NO.3, JALAN SS21/39, 47400 PETALING JAYA  SELANGOR"
00d0627737900,00p0429607399,28.90,2017-10-29,SUBANG HEALTHCZRE SDN BHD,"B-8, JALAN SS15/4D, 47500 SUBANG JYA, SELANGOR"
00d0453226524,00p0609332035,191.20,2017-5-14,BENED (SP) SCDN. BHDD.,"NO.49, JALAN DINNAR G U3/G, S UBANG PERDANA, 40150SHHA ALAM, SEOANGOR D.E."
00d0218523505,00p0483119183,24.83,2017-7-25,GARDENIA BAKERIES (KL) SDN BHD,"LOT 3, JALANPELABUR 023/1, 403U0 SHAH ALAM, SELANGOR."
00d0258506946,00p0373031050,142.0,2018-8-4,THE COFFEE BEAN & TEA LEAF () SDN. BHD.,"LOT F36, FIRST FLOOR, AEON MAL BDR DATO' ONN, NO.3 JLN DATO' ONN 3, BDR DATO' ONN81100 JOHOR BAHRU, JOHOR"
00d0717257644,00p0740502978,722.0,2017-1-5,S&YY STATIONERY,"MO. 36G JALAN BULAN BM U5/BM, BANDAR PINGIRAN SUBANG, SEKSYEN U5, 40150 SHAHH ALA, SELANGOR."
00d0316894686,00p0126236824,7.19,2018-9-2,LIM SENG THO HARDWARE TRADING,"NO 7, 8IMPANG OFF VATU VILLAGE, JALAN IPOH BATU 5, 51200 UALA LUMPUR MALAYSIA"
00d0401609886,00p0332022628,34.21,2017-10-22,GARDENIA BAKERISE (KL) SDN BHD,"LOT 3, JALAN PELABUR 33/1, 40300 SHAH ALAM, SELANGOR."
00d0774018859,00p0338190731,4.25,2018-12-1,PRONT EXPERT SDNBHD,"NO 18, 20, 22, JALAN BUNGA TANJONG 3/16, 40000 SHAH ALAM,  SELANGOR"
00d0183401385,00p0778877603,587.8,2018-10-3,WARAKUYA PERMAS CITY SDN BHD,JALAN PERMAS UTARA 1 PERMASS JAYA 81750 MASAI JOHOR
00d0270792056,00p0396596494,25.0,2018-5-20,FRMASI LIGAMAS,"NO. 47, JALAN MERANTI 1A, BANDAR BARU UTAMA, 44300 BATANG KALI, SELANGOR."
00d0497274391,00p0178142255,8.70,2017-6-9,SWANYU STATIONERY SHOP,"NO. 31G&33G, JALAN SETIA INDH X,U13/X 40170 SETIA ALM"
00d0773577731,00p0569716400,53.90,2018-3-16,MR. D. I. Y. (KHCUHAI) DN BHD,"LOT 1851-A & 1851-B, JALAN KPB 6, KAWASAN PERRINDUST RIAN BALAKONG, 4330 SERI KRMBANGAN, SELANGOR"
00d0844818369,00p0738284804,88.0,2018-5-7,UNIHAKKA INTERNATIONAL SDN BHD,"12, JALAN TAMPOI 7/4,KAWASAN PERINDUSTRIAN TAMPOI,81200 JOHOR BAHRU,JOOR"
00d0390662905,00p0298874640,77.20,2018-12-3,BENS INDEPENDENT GROCER SDN. BHD,"LOT 6, JALAN BATAI, PLAZA BATAI, DAMANSARA HEIGHTS 50490, KUALA LUMPUR"
00d0271842165,00p0380985762,270.30,2018-12-2,SYARIKAT PERNIAGAAN GIN KEE,"NO 2910, JALAN AIR PNAS, SETAPAK, 5320, KUALA LUMPUR."
00d0601744334,00p0727962579,36.55,2017-9-25,GADRDENIA BAKERIES (KL) SDN BHD,"LOT 3, JALAN PELABUR 23/1, 40300 SHAH ALAM, SELANGOR."
00d0834036599,00p0457825841,12.0,2018-3-27,LIAN HING STATIONERY SDNBHD,"NO.32 & 33, J ALAN SR 1/9, SEKSYEN 9, TAMAN SERDANG RAYA, 43300 SERI KEMBANGAN, SELANGOR DARUL EHSAN"
00d0617357249,00p0815486598,969.90,2018-5-27,AEON CO. (M) BHD,"3RD FLR, AEON TAMAN MALURI SC J LN JEJWKA, TAMAN MALURI CHERAS, 51500 KUALA LUMPUR"
00d0328708236,00p0164478029,248.55,2017-9-27,ASO ELECTRICAL TARDING SDN BHD,"NO 31G, JALAN SEPADU C 25/C, SECTION 25, TAMAN INDUSTRIES, AXIS 4040 SHAH ALAM, SELANGIR."
00d0286887687,00p0939582306,47.70,2017-4-12,SYARIKAT PERNIAGAAN GIN KEE,"NO290, JALAN AIR PANAS. SETAPAK, 53200, KUALA LUMPUR"
00d0776440475,00p0197654311,8.70,2017-10-4,SANYU STATIONER SHOP,"NO. 31G&33G, JALAN SETIA INDAH X ,U13 /X 40170 SETIA ALAM"
00d0881334709,00p0458467488,4.9,2018-1-18,TO HENG STATIONERY & BOOKS,"NO. 53, JALAN BRESAR, 456000 BATANG BERJUNTAI SELANGOR DARUL EHSAN"
00d0485821436,00p0710003558,278.7,2018-5-1,SUNFISH,22 LRG PEFUSAHAN 4 KMPAL INDS.PARK B.CAVES
00d0570374781,00p0789062046,4.40,2018-12-4,AOEN CO.(M) HD,"3RD FLR, AEON TAMAN MALURI SC JLN JEJAKA, TAMAN MALURI CHERAS, 55100 KUALA LUMPUR"
00d0967073777,00p0550225072,57.90,2016-1-24,MR. D.I.Y. (KUCHAI) SDN BHD,"LOT 1851-A & 1851-B, JALAN KPB 6, KAWASAN PERINNDUSTRIAN BALAKONG, 43300 SERI KEMBANGAN, SELANGOR"
00d0527382713,00p0547259916,93.7,2018-2-1,SYARIKAT PERNIAGAANGIN KEE,"NO 290, ALAN QIR PANAS, SETAPAK, 53200, KUALA LUMPUR."
00d0463604996,00p0107313578,8.770,2018-3-21,UNIHAKKA INTENRATIONAL SDN BHD,"12, JALAN TAMPOI7/4,KAWASAN PERINDUSTRIAN TAMPOI,81200 JOHOR BAHRRU,JOHOR"
00d0737981299,00p0209872251,112.50,2016-5-22,MR. D.I.Y. (MM)SDN BHD,"LOT 1951-A & 1851-B, NJALAN KPB 6, KAWSAAN PERINDUSTRIAN BALAKONG, 43300 SERI KEMBANGAN, SELANGOR"
00d0680000515,00p0158739552,83.5,2018-7-2, GARDENIA BAKEIRES (KI ) SDN BHD,"LOT 3, JALAN PELABUR 23/1, 4000 SHAH ALAM, SELANGOR."
00d0680178711,00p0287016853,2875.90,2018-4-27,RESTORAN SIAMM VILAGE,"NO.8,JALAN PERMAS 10/7, PERMAS JAYA, 81750 JOHOR BAHRU ."
00d0992959314,00p0920137607,28.540,2018-3-221,ERBANG ALAF RESTAURANTS SDN BHD,"LEVEL 6, BANGUNAN TH, DAMANSARA UPTOWN3 NO.3, JALAN SS21/39, 47400 PETALING JAYA SELANGOR"
00d0106074517,00p0402988794,5.0,2018-4-30,M. D.I.Y. (M) SDN BHD,"LOT 1851-A & 1851-B, JALAN KPB 6, KAWASAN PERINDUSTRIAN HBALAKONG, 43300 SERI KEMBANGAN, SELANGO"
00d0901837324,00p0519881698,60.30,2018-10-19,INDAH GIFT& HOME DECO,"27, ALAN DERDAP 13, TAMAN JOHHOR JAYA,81100 JOHOR BAHRU, JOHOR."
00d0471591245,00p0470434241,74.90,2018-4-15,PASAR MINI JINSENG,"379, JALAN PERMAS SATU, BANDAR BADU PERMAS JAYA 81750 PLENTONG, JOHOR."
00d0668503128,00p0144308456,41.45,2018-3-25,WATSON'S PERSONAL CARE STORES SDN BHD,"USJSUMMIT, SUBANG (S)"
00d0281320276,00p0651483374,39.82,2017-11-20,LIGHTROOM GALLERRY SDN BD,"NO: 28, JALAN ASTANA 1C, BANDAR BUKIT RAJA, 41050 KLANG SELANGOR D.E, MALAYSIA"
00d0307768744,00p0328550583,2.10,2018-4-26,MR. D.I.Y. (M) SDN BHD,"LOT 1851-A & 1851-B, JALAN KPB 6, KAWASAN PERINDUSTRIAN BALAOKONG, 43300 SERI KEMBANGAN, SELANGOR"
00d0393260166,00p0554021435,3.80,2017-10-14,AGRDENIA BAKERIES (KL) SDN BHD,"LOT  3, JALAN PELABUR 23/1, 40300 SHAH ALAM, SELANGOR."
00d0724729985,00p0274447429,2.56,2016-11-2,GUARDIN HEALTH AND BEEAUTY SDN BHD,"LOT F/L2A.4, LEVEL 2A FIRST WOTRLD PLAZA, FIRST WORLD"
00d0457456115,00p0245081950,30.30,2018-2-14,SWEET FOREST CAFFE,"NO 21, JLN UBNGA KANTAN TAMAN P. RAMLEE SETAPAK 53000 KUALA LUMPUR"
00d0987973134,00p0358311645,31.60,2018-5-21,FTOF NOO DLE HOUSE,"NO.25, JALAN METRO PERDANABARAT 2, TAMAN USAHAWAN KEPOBG, KEPON G UTARA, 52100 KUALA LUMPUR."
00d0394257241,00p0705181921,53.975,2018-212-3,THFEE STOGES,"109, SS21/1A, DAMANSARA UTAMA"
00d0864219792,00p0901498238,3.0,2017-4-30,AMANO MALAYSIA SDN BHD,12 JALAN PENGACARA U1/48 TEMASYA INDUSTRIAL ARK 40150 SHAH ALAM SELANGO R
00d0474678678,00p0422342187,38.37,2018-5-19,GUARDIAN HEALTH AND BEAUTY SDN BHD,JALAN LOKE YEW BENTONG 90 GROUND FLOOR JALAN BENTTOGN
00d0396141876,00p0313429065,39.0,2018-10-3,ENW HARDWARE CENTEE (M) SDN BHD,"NO: G3, BLK G, JIN PJU 1A/3, ARA DAMANSARA, 47301 PETALING JAYA, SELANGOR DARUL EHSAN."
00d0778866561,00p0364948073,9.30,2017-11-18,XANYU STATIONERY SHOP,"NO. 31G&33G, JAL AN SETIA INDAH X ,U1/X 40170 SETIA ALAM"
00d0708763656,00p0162188711,42.90,2018-2-17,RJ. D.I.Y. (M) 5DN BHD,"LOT 1851-A & 1851-B, JALAN KPB 6, KAWASAN PERINDUSTRIAN BALAKONG, 4330 SERI KEMBANGAN, SELANGOR"
00d0510871247,00p0985778261,29.59,2017-3-9,GARDENIA BAKERIES (KL) SDN BHD,"LOT 3, JALAN PELABUR 23/1, 4030 SHAH ALAM, SEANTGOR."
00d0828214133,00p0777159026,47.20,2018-1-24,SYARIKAT PERNIAGAAN GIN KE,"NO 290, JALAN AIR PANAS, SETAPAK, 53200, KUALA LUMPUR."
00d0339705365,00p0118733917,18.80,2017-5-30,VIVOPAC MA RKETING SDN BYHD,14 JALAN MANIS 4 TAMAN SEGAR 56100 KL
00d0242626168,00p0266521309,4.0,2018-1-17,ADVANCO COMPANY,"NO 1&3, JALAN WANGSA DELIMA 12, WANGSA LINK, WANGSA MAJU, 53300 KUALA LUMPPUR"
00d0842605090,00p0361820655,5.90,2017-9-28,GARDENIA BAKERIES (KL) SDN BHD,"LOT 3, JALAN PELABUR 23/1, 40300 SHAH ALAM, SELANGOR."
00d0552638268,00p0884622202,31.45,2018-7-1,PPULAR BOOK CO. (M)SDN BHD,"NO 8, JAIAN 7/118B, DESA TUN RAZAK 56000 KUAALA LUMPUR, MALAYSIA KL FESTIVAL CITY MALL"
00d0250566763,00p0560082351,217.0,2017-2-25,BEMED (SP) SDN. BHD.,"ON.49, JALAN DINAR G U3/G, SUBANG PERDANA, 40150 SHAH ALAM, SEIANGOR D.."
00d0338548353,00p0196022268,39.60,2018-4-28,DOMINO'S PIZZA,"DOMINO'S PIZZA TAMAN UNIVERSITI 30, JLN KEBUDAYAAN 7, TMN UNIVERSITI 81300 SKUDAI, JOHOR"
00d0118393124,00p0146659663,22.5,2018-2-27,URBAN IDEA SDN HBHD,"A-G-06, DATARAN GLOMAC, JJALAN SS6/5A, PUSAT BANDAR KELANA JAYA, 47301 PETALING JAYA, SELANGOR,MALAYSIA"
00d0272306272,00p0452020039,10.0,207-3-21,SNWAYU STATIONERY SHOP,"NO. 31G&33G, JALAN SETIA INDAH X ,U13/X 40170 SETIA ALAM"
00d0710387537,00p0987799985,25.51,20018-11-3,KING'S CONFEGTIONERY S/B,"NO.41, JALAN SERI BINTANG 2 TAMAN SRI BINTANG, 52100 KUALALUMPUR."
00d0150882989,00p0217490225,45.35,2018-7-2,99 SPEED MAT S/B,"LOT P.T. 2811, JALAN ANGSA, TAMAN BERKELEY 41150 KLANG, SELANGOR"
00d0207985673,00p0478149787,17.50,2017-3-28,SANYU STATIOONERY SHOP,"NO. 31G&3G, JALAN SETIA INDAY X ,U13/X 40170 SETIA ALAM"
00d0500910371,00p0312399628,24.30,2018-3-18,YAMFRESH,"NO. 145G, JALAN RIMBUNAN RAYA 1, LAMAN RIMBUANN KEPONG, 52100 KUALA LUMPUR"
00d0921271701,00p0293364892,82.0,217-3-17,TANJONGMAS BOOKCENTRE (PJ) SDN BHD,"LOT F15, GIANT BANDAR PUTERI JALAN PUTERI 1/1, BDR PUTERI 47100 PUCHONG, SELANGOR"
00d0757215171,00p0977532734,81.80,2018-4-17,YHM AEON TEBRAU CITY,"S117, SECOND FLOOR, AEON TEBRAU CITY, 1, JALAN DESA TEBEAU, TAMAN DESA TEBRAU, 81700 JOHOR BAHRU, JOHOR."
00d0977582300,00p0556511305,2.90,2018-9-2,AEON CO. (M) BHD,"3RD FLR, AEON TAMAN MALURI SC JLN JEJAKA, TAMAN MALURI VCHERAS, 5100 KUALA LUMPUR"
00d0363991072,00p0512589757,22.0,2018-4-25,IKANOHANDEL FDN BD,NO 2A JALAN COCHRANE TAMAN MALURI 5100 KUALA LUMPUR
00d0423671916,00p0678296416,22.558,2017-9-19,GARDENIA BAKERIES (KL) SDN BHD,"LOT 3, JALANPELA BUR 23/1, 40300 SHHAH ALAM, SELANGOR."
00d0166687964,00p0487555692,82.68,2018-1-31,SYARIKAT PRNIAGAANGIN KEE,"NO 290, JALAN AIR PANAS, SETAPAK, 53200, KUALA LUMPUR."
00d0733466225,00p0768405500,277.0,2017-8-2,HONHWA HARWDARE TRADING,"NO 37, JALAN MANIS 7, TAMAN SEGAR, 5610 CHERAS, KUALA LUMPUR."
00d0916574976,00p0837861865,10.6,2018-3-18,NR. D.I.Y. () SDN BHD,"LOT 1851-A & 1851-B, JALAN KPB 6, KAWASAN PERINDUSRTIAN BALAKONG, 43300 SERI KEMBANGAN, SEELANGOR"
00d0459172796,00p0242269339,54.15,2017-5-9,GARDENIA BAKERIES (KL) SDN BHD,"IOT 3, JALAN PELABUR 23/1, 4030 SHAH ALAM, SELANGOR."
00d0849221655,00p0164078827,71.90,2018-2-3,MR. D. I. Y. (M) SRDN  BHD,"LOT 18551-A & 1851-B, JALAN KPB 6, KAWASAN PERINDUSTRIAN BALAKONG, 43300 SERI KEMBANGAN, SELANGOR"
00d0464742744,00p0315358171,12.0,2017-9-20,SAYU STA TIONERY SHOP,"NO. 31G&33G, JAALAN SETIA INDAH X ,Y13/X 40170 SETIA ALAM"
00d0845867211,00p0369823709,12.0,2017-4-5,BILLION SIX ENTERPRISE,"NO 3, JALAN TAMAN JASA 2, SECTION U6, 40510 SHAH ALAM."
00d0320901819,00p0750455858,52.80,2018-5-19,TF VALUE-MART SDN BHD,JALAN TRAS BATU 1 2870 BENTONG PAHANG DARUL MAKMUR.
00d0972867846,00p0788987435,39.90,2018-5-24,FIGHT OUNCE COFFEE CO.,"F.K06, FIRST FLOOR, TEH GARDENS MALL, MID VALLEY CITY, LINGKARAN SYED PUTRA, 59200 KUALA LUMPUR."
00d0738014969,00p0392985097,174.90,2018-3-3,THREE STOOGES,"109, SS21/1A, DAMANSAAR UTAMA"
00d0877220068,00p0580993464,233.56,2017-10-15,GARDENIA BAKERIE S (KL) SDN BHD,"LOT 3, JALAN EPLABUR 23/1, 40300 SHANH ALAM, SELANGOR."
00d0485748096,00p0348382420,552.80,2016-3-2,9 SPEEO MART S/B,"LOT P.T. 3198, BATU 4 JALAN KAPAR, MUKIM KAPAR 42100 KLANG, SELANGOR 1320-TMN BATU"
00d0768446621,00p0310542528,14.65,2018-6-2,POPULAR BOOK CO. (M) SDN BHD,"NO 8, JALAN 7/118B, DESA TAN RAZAH 56000 KUALA LUMPUR, MALAYSIA KSL CITY"
00d0837787542,00p0372891796,73.0,2017-12-20,LIGHTROOM GALLERY SDN BHD,"NO:28, JALAN ASTANA 1C, BANDAR BUKIT RAJA, 41050 KLANG SELANGOR D.E, MALAYSIA"
00d0965540723,00p0510406308,48.10,2018-4-25,MR. D.I.Y. (M) DSN BHD,"LOT 1851-A & 1851-B, JALAN KPB 6, KAWASAN PERINDUSTRIAN BAALAKONG, 432300 SERI KEMBANGAN, SDLANGOR"
00d0880901672,00p0741339461,9.90,2018-4-19,UNIHAKKA INTERNATIONAL SDN BHD,"12, JALAN TMPOI 7/4,KAWASAN PERINDUSTRIAN TAMPOI,812 00 JOHOR BAHRU,JOHOR"
00d0201738305,00p0223261047,8.500,20118-10-3,GERBANG ALAF RESTAURANTS SDN HD,"LEVEL 6, BANGUNAN TH, DAMANSARA UPTOWN3 NO.3,JALAN SS21/39, 47400 PETALING JAYA SELANGOR"
00d0194569644,00p0869155195,533.20,2018-4-28,MR. D.I.Y. (M)SDN BHD,"LOT 1851-A & 1851-BB, JALAN KPB 6, KAWASAN PERINDUSTRIAN BALAKONG, 43300 SERI KEMBANGAN, SELANGOR"
00d0328806229,00p0239831584,9.8,2018-12-25,BOK TA .K (TAMAN DAYA) SDN BJD,"NO.53 55,57 & 59, JALAN SAGU 18, TAMAN DAYA, 81100 JOHOR BAHRU, JOHOR."
00d0859698635,00p0210779093,53.14,2017-8-30,GARDENIA BAKERIES (KI) SDN BHD,"LOT 3, JALAN PELABUR 3/2, 40300 SHAH ALAM, SE LANGOR."
00d0577470816,00p0465301215,6.20,2018-4-2,UNIHAKKA INTERNATIONAL SDN BHD,"12, JALAN TAMPOI 7/4,KAWASAN PERINDUSTRIAN TAMPOI,81200 JOHOR BAHRRU,JOHOR"
00d0784934925,00p0995961862,3.0,2018-1-14,SUN VICTORY SDN BHD,"LEVEL G2, BLOCK D1, SOLARIS DUTAMAS, NO.1, JALAN DUTAMAS1, 50480 KUALA LUMPUR"
00d0954032591,00p0747432839,7.10,2018-3-29,UNIHAKKA INTERNATKIONAL SDN BHD,"12 JALAN TAMPOI 7/4,KAWASAN PERINDSUTRIAN TAMPOI,81200 JOHOR BAHRU,JOHOR"
00d0594663786,00p0436356277,89.0,2016-1-5,BEST DDNKI MALAYSIA,"LOT LG26, SUABNG PARADE NO.5, JALAN SS216/1 47500 SUBANG JAYA, SELANGOR"
00d0542888628,00p0332131473,13.60,2016-1-24,99 PSEED MART S/B,"LOT P.T. 33198, BATU 4 JALAN KAPAR, MUKIM KAPAR 42100 KLANG, SELANGOR 1181-TMN SRI SINAR"
00d0308106888,00p0484590369,6.40,2018-4-20,PASRAYAJALAL SDN BHD,"10-18,JLN KEBUD AYAAN 16,TMN Y 81300 JOHOR BAHRU."
00d0980207211,00p0382221059,14.90,2017-5-9,SANYU STATIONERY SHOP,"NO. 31G&33G, JALAN SETA INDAH X ,U13/X 40170 SETIA ALAM"
00d0166829801,00p0670113358,59.50,2018-6-23,SYL ROASTED DELIGHTS SDN. BHD.,"75. JALAN SS 22/19, DAMANSARA JAYA, 5740 PJ"
00d0543055869,00p0565341771,71.0,2018-1-5,MR . DAKGALBI SOLARIS,"NO.J-G-02, SOHO KI, SOLARIS MONT KIERA, 50480 KL"
00d0347606159,00p0992885986,23.25,2017-20-29,BANH MI CAFE SDN BHD,"NO,1 JALAN PUTERI 7/10BANDAR PUTERI, 47100 PUCHONG SELANGOR, MALAYSIA"
00d0100894168,00p0694047688,476.80,2018-11-5,EAON CO. (JM) BHD,"3RD FLR, AEON TAMAN MALURI SC JLN JEJWKA, TAMAN MALURI CHERAS, 55100 KUUALA LUMPUR"
00d0292723088,00p0239181579,79.35,2018-2-3,FARMASI MALURIS/B,"23, JIN BURUNG JENTAYU, TMN BUKIT NALURI, KEPONG, 52100 KL."
00d0793133421,00p0575017086,142.49,2017-4-12,WAHIN HARDWARE SDNBHD,"425, JALAN PAHANG, SETAPAAK, 5300 OKAULA LUMPUR."
00d0661661607,00p0820949442,48.4,2017-9-28,GARDENIA BAKEIES (KL) SDN BHD,"LOT 3, JALAN PELABUR 23/1, 40300 SHAH ALAM, SELANGOR."
00d0206117546,00p0950881357,1.30,29018-8-10,UNIHKKA INTERNATIONAL SDN BHD,"12, JALAN TAMPOI 7/4,KAWASAN PERINDUSTRIAN TAMPOI,81200 JOHOR BAHRU,JOHOR"
00d0904732199,00p0629802343,129.30,2018-3-27,ANNNDO'S CHICKENLAND MALAYSIA SDN HD,"UNIT G-13, GROUND FLOOR, NO.1 JLN KIARA, MONT KIARA 50480 KUAAIA LUPUR"
00d0682202857,00p0834715014,5.30,2018-12-2,SYARIKAT PERNIAGAAN GIN KEE,"NO 290, JALAN AIR PANAS, SETAPAK, 5320, KUALA LUMPUR."
00d0914854329,00p0670238386,8.20,2017-3-14,UNIHAKKA INTERNATIIONAL SDN BHD,"12, JALAN TAMPOI 7/4,KAWASAN PEERIHNDUSTRIAN TAMPOI,81200 OHOR BAHRU,JOHOR"
00d0174270341,00p0380024960,70.0,2018-5-21,GERBANG ALAF RESTAURANTS SDN BHD,"LEVEL 6, BANGUNAN TH, DAMANSARA UPTOW N3 NO.3, JALAN SS21/39,47400 EPTALING JAYA SELANGOR"
00d0698784211,00p0121115746,8.70,2017-10-27,SANYU STATIONERY XSHOP,"NO. 31G&3G, JALAN SETTIA INDAH X ,U13/X 40170 STEIA ALM"
00d0574862056,00p0648536695,60.60,2018-3-26,DOMMAL FOOD S ERVICES SDN HD,"D-08, M AVENUE , JLN 1/ 38A SEGAMBUT BAHAGIA 5120 0 KUALA LUMPUR"
00d0722335566,00p0473786081,35.1,2017-10-25,GARDENIA BAKERIES (KL) SDN BHD,"LOT 3, JALAN PELABUR 23/1, 40300 SHAH ALAM, SELANGOR."
00d0372099873,00p0774084098,30.10,2108-1-24,POPUL AR BOOK CO. (M) S0N BHD,"NO 8, JALAN 7/118B, DESA TUN RAZAK 560000 KUALA LUMPUR,MALAYSIA"
00d0696518680,00p0172394661,7.0,2018-3-2,LIJM SENG THO HARDWARE TRADING," NO 7. SIMPANG OFF BATU VILLAGE, JALAN IPOH BATU 5, 51200 KUALA LUMPUR MALAYSIA"
00d0282138675,00p0530231889,27.10,2017-7-24,GARDENIA BAKERIES (KL) SDN BHD,"LOT 3, JALAN PELABUR 23/1, 40300 SHAH A LAM, SELANGOR."
00d0581923422,00p0669418891,21.80,2018-4-14,DE MAXIMUM THAI EXPRES SDNN BHD,"BLK 2, UNIT G1 & G2, BESTARI TERRACE, LT PTD 182908 & PTD 143216, JALAN DANGA, TAMAN NU8A BESTARI, 81300"
00d0188523936,00p0898638880,27.75,2017-10-5,99 SPEED MART S/B,"LOT P.T. 2811, JLAN ANGSA, TAMAN BERKELEY 41150 KLANG, SELANGOR 1422-TMN DESA JAYA"
00d0147095939,00p0475694256,734.40,2017-10-13,DIGI TELECOMMUINCATIONS SDN BHD,"LOT LG 315, 1-UTAMA SHOPPING CENTRE, LEBUH BANDAR UTAMA-BANDAR UTAMA, PETALING JAYA, 47800 SELANGOR"
00d0209546609,00p0294543973,22.60,2017-10-5,PERNIAGAAN RIANG RIWA," NL7,JNUERO,SHAH ALAM."
00d0124895452,00p0478327876,26.82,2018-3-20,HABPY SNACKS ENT ERPRISE,"19 & 19A, JALAN MERANTI 2A, SEKSYEI B ANDAR BARU BATANG KALI, 44300"
00d0843646516,00p0658019336,600.74,2017-9-10,GARDENIA BAKERIES (KL) SDN  BHD,"LOT 3, UAPLAN PELABUR 233/1, 40300 SHAH ALAM, SELANGOR."
00d0826414442,00p0194072860,7.40,22017-10-2,B & BEST RESTAURNAT,"NO.12,JALAN SS4C/5,PETALING JAYA SELANGOR DARUL EHSAN"
00d0942116852,00p0411160730,35.80,2018-1-14,THE STORE (MALAYSIA) SDN BHD,"LOT 348817 JALAN BATU AMBAR TAMAN KOK LIAN 51200 KUALA LUMPUR,"
00d0417300467,00p0377402371,6.35,2018-52-3,YONGCEN ENTERPRIE,"9, AJLAN SUBANG JASA 3, 40150 SHAN ALAM, SELANGOR."
00d0803190070,00p0247334622,3.10,2017-4-18,SANYU STATIONERY SHOP,"NO. 31G&33G, JALAN SETIA INRDAH X ,U13/X 40170 SETIA ALAM"
00d0610473999,00p0861679683,27.55,2018-1-17,TEO HENG STATIONERY & BOOKS,"NO.53, JALAN BESAR, 45600 BAATNG BERJUNTAISELANGKOR DARUL EHSAN"
00d0106280922,00p0656050609,32.10,2018-1-15,TRENDYMAX(M) SDM. BHD.,"P6, BLOOCK C, GM KLANG WHOLESALE CITY, JALAN KASUARINA 1, 4120 KLANG, SELANGOR D.E."
00d0243521534,00p0886634980,5.30,2018-3-19,RESOTRANIBRAHIM MAJU ASB,"NO.2, GROUND FLOR, JALAN REKO SENTRAL 8 TAMAN REKO SENTRAL, 43000 KAJANG SELANGOR DE"
00d0675832982,00p0131209456,1202.0,2018-3-20,GL HANDIVCRA7T & TAIL ORING,"19, JLAAN KANCIL, OFF JALAN UDU, 55100 KUALA LUMPUR MALAYSIA"
00d0272031259,00p0179333014,8.20,2018-5-15,UNIHAKA INTERNATIONAL SDN BHD,"12, JALAN TAMPOI 7/4,KAWASAN PERINDUSTRIAAN TAMPOI,81200 JOGOR BAHRU,JOHOR"
00d0606540603,00p0279808410,7.95,2018-12-1,SYARIKAT PENIAGAAN IGN KEE,"NO 290, JALAN AIR PANAS, SEYAPAK, 53200, KUALA LUMPUR."
00d0876844472,00p0280407835,6.68,2018-5-9,UNIHAKKA INTERNATIONAL SDNBHD,"12, JALAN TAMPOI 7/4,KAWASAN PERINDSUTRIAN TAMPOI,81200 JOHOR BAHRU,JOHOR"
00d0859215539,00p0424123137,11.40,2018-3-19,99 SPEED MART S/B,"LOT P.T. 281, JALAN ANG8A, TAMAN BERKELEY 41150 KLANG, SELANGOR 1245-DESA SRI HARTAMAS"
00d0616798510,00p0988638541,42.35,2017-5-5,99 SPEED MART S/B,"LOT P.T. 2811, JALAN ANGSA, TAMNA BERKELEY 41150 KLANG, SELANGOR 1313-SUBANG BESTARI"
00d0834688755,00p0738054413,105.0,2018-3-25,ZEN AND COFFEE 28 S/B,"NO 53, JALAN3/62A, BANDAR MENJALARA, 52200 KUALA LUMPUR."
00d0970540567,00p0409161553,8.290,2018-3-12,UNIHAKKA INTERNATINAL SDN B HD,"12, JALAN TAMPOI7/4,KAWASAN PERINDUSTRIAN TAMPDI,8120 JOHOR BAHRU,JOYHOR"
00d0472913563,00p0472032675,24.40,2018-7-5,WARAKUYA PERRMAS CITY SDN BH,"JALAN PERMAS UTARA 1, PERMAS JAYA 81750 MASAI JOHOR"
00d0541369548,00p0514025092,9.20,2016-2-13,CHEF LEE SND BHD,"LG226, LGF, 1 UTAMA SHOPPING CENTRWE, LEBUH BANDAR UTAMA, 48700 PETALING JAYA."
00d0542157895,00p0303058668,41.0,201-2-27,POPULAR BOOK CO. (M) SDN BHHD,"NO 8, JALNA 7/118B, DESA TUN RAZAK 56000 KUALA LUMPUR, MALAYSIA"
00d0840814576,00p0802584120,110.46,2017-10-17,GARDENIA BAKERIES (KL) SDN BHD,"LOT 3, JWLANPELBAUR 23/1, 40300 SHAH ZALAM, SELANGOR."
00d0524794165,00p0183388167,11.50,2017-10-5,99 SPEED MART S/B,"LOT P.T. 2811, JALAN ANGSA, TAMAN BERKELEY 41150 KLANG, SELAHGOR 1214-JINJANG UTARA"
00d0163078697,00p0467454087,70.21,2017-7-30,GARDENIA BAKERIES (KL) SDN BHD,"LOT 3, JALAN PELABUR 23/1, 40300 SHAH ALAM, SELANGOR."
00d0702637244,00p0103449746,266.10,2018-4-28,AEON CO. (M) BHD," 3RD FLR, AEON TAMAN MALURI SC JLN JEJAKA, TAMANMALURI CHERAS, 55100 KUALA LUMPUR"
00d0757881141,00p0890695698,86.8,2018-3-18,SHELL ISNI PETRO TRADING,LOT 2685 JLN GGENTING KLANG 53300 KL SITE 166
00d0271405634,00p0506934592,41.50,2017-5-17,HERO DISRTIBUTION SDN BHD,"4243,CPMPLEKS PERNIAGAAN SRI GAYA, JLN TMN SUBANG JASA 3, 40150 SELANGOR"
00d0582732557,00p0771362066,28.40,2017-9-25,KHIAM AIK CHAN SDN BH D,"NO. 76, JALAN SS15/4B, 47800 SUBANGJAYA, SELAGNOR D.E."
00d0619690945,00p0964178019,165.0,2017-1-2,BEMDE (SP) SEDN BHD,"NO.49, JA LAN DINAR G U3/G, SUBANG PERDANA, 40150 SHAH ALAM, SEANGOR D.SE."
00d0174068255,00p0855303858,27.2,2017-10-10,GARDENIA BAKERIES (KL) SON BHD,"LOT 3, JALAN PELABUR 23/1, 50300 SHAH ALAM, SELANGOR."
00d0678037496,00p0788384537,109.678,2016-10-200,EDEN IMPRESSION SDN BHD,"LOT NO : 20, LEVEL UG1, PUBLIKA SOLARIS DUTAMAS. NO 1, JALAN DUTZMAS, 50480 KL"
00d0365513088,00p0883512229,8.20,2018-3-30,UNIHAKKA INTERNATIONALSDN BHD,"122, JALAN TAMPOI 7/4, KAWASAN PERINDUSTRIAN TAMPOI,81200 JOHOR BAHRU,JOHOR"
00d0937018331,00p0646308480,8.70,2017-6-11,ASNYU STATIONERY SHOP,"NO. 31G&33G, JALAN SETIA INDAH X ,U13/X 40170 SETIA ALAM"
00d0103738916,00p0636193889,367.10,2018-12-2,SUPER SEVEN CASH & CARY S DN BHD,"NO. 1 JALAN EURO 1 OFF JALAN BATU TIGA SUNGAI BULOH SEKSYEN U3 SHAHALAM, 401590"
00d0318453525,00p0562419420,118.90,2018-8-4,THE TOAST F&H SDNN BH,LOT 2110&2111 JALAN PERMAS UTARA BANDAR BARU PERMAS 81750 JOHOR BAHRUJOHOR
00d0382500008,00p0293704325,30.5,2017-1-4,SEGI CASH & CARRY SDN.BHD,"PT17920, SEKSYEN U9, 40150 SHAH ALAM, SELANGOR DA RUL EHSAN."
00d0981274700,00p0420085674,21.0,2018-12-1,POPULAR BOK CO. (M) SDN BHD,"NO 8, JALAN 7/118B, DESA TUN RAZAK 56000 KUALA LUMPUR, MALAYSIA"
00d0452553939,00p0385852893,8.20,2018-5-16,UNIHAKKA INTERNATIONLA SDN BHD,"12, JALAN TAMPOI 7/4,KAWASAN PERINDUSTRIAN TAMPOI,82100 JOHOR BAHRU,JOHOR"
00d0395061839,00p0993130244,2.80,2017-4-2,THAI DELICIOUS RESTAURANT,"NO.22 JALAN PUTERI 2/4 BANDAR PUTERI 47100 PUCHONG, S ELANGOR"
00d0353042107,00p0518246402,616.60,2017-9-30,PINGHWAI TRADING SDN BHD,"NO.2, JALAN METRO PERDANA TIMUR 11, KEPONG ENTERPRENUERS PARK, OFF JALAN KEPONG, 52100 KUALA LUMPUR."
00d0841330621,00p0252172127,3.50,2018-6-2,SINNATHAMBY HOLDINGS SDN. BHD.,"NO.17, 18 & 41, JALANBESAR, 39100 BRINCHANG, CAMERON HIGHLANDS, PAHANG"
00d0652046562,00p0109003671,3.90,2017-11-24,MR. D.I.Y. SDN BHD,"LOT 1851-A & 1851-B, JALAN KPB 6, KAWASAN PERINDUSTRIAN BALAKONG, 4330 SERI KEMBANGAN, SELANGOR"
00d0820736669,00p0507129961,1.73,2017-9-29,G ARDENIA BAKERIES (IL) SDN BHD,"LOT 3, JALAN PELABUR 23/1, 40300 SHAH ALAM, SELANGOR."
00d0935702550,00p0387495183,35.40,2018-3-20,BAIFFU (M) SD N BHD,"DAISO JAPA N, IOJI MALL"
00d0388919382,00p0617515870,8.70,2017-10-20,SANHU STATIONERY SHOP,"NO. 31G&33G, JALAN SETIA INDAH X ,UU13/X 40170 8ETIA ALAM"
00d0294263018,00p0429221934,4.8,2018-1-3,POPULAR BOOK CO. (M) SDN BHD,"NO 8. JJALAN 7/118B, DESA TUN RAZAK 56000 KUALA LUMPUR, MALAYSIA"
00d0742987288,00p0400394402,35.99,2017-5-22,SANYU STATIONERY SHOP,"NO. 31TG&33G, JALAN SETIA NIDAH X ,U13/X 40170 SETIA ALAM"
00d0910676977,00p0782144057,189.75,2018-3-30,OWNER BY CASTLE BLUE S/B,"AVTIVO PLAZA,LOT B-F-11, BLOCK B NPO1.JALAN PJU 9/1,D'SARA AVEVUE BANDZR SRI D'SARA, 5200 KL"
00d0571602960,00p0994116372,7.20,2018-4-27,DOMINO'SPIZZA,"DOMINO' S PIZZA PERMAS JAYA NO.12, JALAN PERMAS JAYA 10, BANDAR BARU PERMAS JAYA, 81750 MASAI JOHOR"
00d0645069761,00p0852750667,94.0,2017-4-25,YOBNG CEN ENT ERBRISE,"9, JALAN SUBANG JASA 3, 40150 SHAH ALAM, SELANGOR."
00d0958758313,00p0895577942,142.0,2017-11-1,SKCA HARDWARE & TIMBER SDN. PHD.,"LOT 204 & 205, JALAN BATU 12 1/4, KG. DUSUN NANDING, 43100 HULU LANGAT, SELANGOR DARUL EHSAN."
00d0747284670,00p0910939886,64.15,2018-5-3,TASTE OF THE WORLD SDN BHD,"LOT 38, 39 101 BOJLEVARD, JALAN KENARI 5, BANDAR PUCHONG AJYA, 47170 PUCHONG, SELANGOR"
00d0711624382,00p0641491038,48.15,2018-3-21,ZAWIAJAYA FOOD N BEVERAGE SDN BHD,"106-107, LEVEL 1 THE MINESMALL SERDANG SRI KEMBANGAN, 43300 SELANGOR DARUL EHSAN."
00d0989858817,00p0641796093,31.80,2016-1-21,99 SPEED MRAT S/B,"LOT P.T. 2811, JALAN ANGSA, TAMAN BETRRKELEY 41150 KLANG, SELANGOR 1558-TMN PUSAT KEPONG"
00d0770154989,00p0195843433,75.90,2017-12-22,HOME MASTER HAFWARE & ELECTTRICAL,"NO.113G & 115G, JALAN SETIA 6EMBILANG U13/BG BANDAR SEETIA ALAM, 40170 BANDAR SETIA ALAM, SELANGOR."
00d0240488407,00p0131909306,34.80,2018-4-19,MR. D.I.Y. (M) SDN BHD,"LOT 1851-A & 1851-B, JALAN KPB 6, KAWAASN PERINDUSTRIAN BALAKONG, 43300 SERI KEMBANGAN, SELANGOR"
00d0542653551,00p0827668044,320.0,2018-3-28,SWC ENTERPRISE SDN BHD,"5-7, JALAN MAHAGONI 7/1 SEKSYEN 4,BANDAR UTAMA, 44300 BATANG KALI, SELANGOR"
00d0314913072,00p0836975289,19.20,2017-9-2,KING'S CON7ECTIONERY S/B,"NO. 20-A1, JALAAN SS6/3, KELANA JAYA, 47301 PETALING JAYA SELANGOR D.E."
00d0608126101,00p0573117974,25.60,2018-4-17,DOMNIO'S PIZ7A,"NO.12, JALAN PERMAS MJAYA 10, BANDAR BARU PERMAS JAYA, 81750 MASAI JOHOR"
00d0307106203,00p0270253424,27.45,2017-7-2,99 SPEED MZRRT S/B,"LOT P.T. 2811, JALAN ANGSA, TAMAN BERKELEY 41150 KLANG, SELANGOR"
00d0108922007,00p0714257649,80.890,2018-22-25,YNOGFATT ENTERPRISE,NO 122.124. JALAN DEDAP13 8110 JOHOR BAHRU
00d0774260218,00p0560869902,72.93,2018-3-24,PAPPARICH BMC,"JALAN TEMENGGUNG 23/9 BANDAR MAHKOTA CHERAS 43200 SELNGOR DARUL EHSAN, MALSAYSIA"
00d0560446704,00p0231899318,22.295,2017-4-22,B & BEST RESTAURANNT,"NO.12,JALAN S4C/5,PETALING JWYA SELANGOR DARUL EHSAN"
00d0513207673,00p0809881051,13.0,2018-3-20,CARREFOUR R ESTAURANT,"18,JALAN PEMRAS 10/7BANDSR BARU PERMAS JAYA, MASAI,JOHOR"
00d0805870344,00p0889333691,27.85,7016-5-19,ANEKA INTERTRADE MARKETINTG SDN BHD,"LOT NO2, JQLAN UTARID U5/13, SEKSYEN U5, 40150 SNAH ALAM, SELANGOR DARUL EHSAN , MALAYSIA"
00d0734493835,00p0762435669,465.34,2017-12-28,SYARIKAT PERNUIAGAAN GIN KE,"NO 290, JALAN AIR PANAS, SETAPAK, 53200, KUALA LUMPUR."
00d0752976763,00p0271420907,64.70,2016-8-1,NMR. D.I.Y. (M) SDN BHD,"LOT 1851-A & 1851-B, JALAN KPB 6, KAWASAN PERINDUSTRIAN BALAKONG, 43300 SERI KEMBANGAN, SELANGOR"
00d0390492165,00p0555344640,12.15,2017-3-31,OLIVE9 PHAERMACY SDN BHD,"69 JALAN NOVA U5/N, SEKSYEN U5 SUBANG BE"
00d0313212291,00p0950169186,28.20,2016-7-24,GOLDEN ARCHES RESTAURANTS SDN BHD,"LEVEL 6, BANGUNAN TH, DAMANSARA UPTOWN3 NO.3, ALAN SS21/39,47 400 PETALING JAYA SELANGOR"
00d0464021737,00p0839804306,50.45,2017-6-4,SEGI CASH & CARRY S0N. BHD.,"PT17920 SEK U9, SHAH ALLAM"
00d0379996414,00p0916561368,8.7,2018-3-19,UNIHAKKA INTERNATIONAL SDN BHD,"12, JALAN TAMPOI 7/4,KAWASAN PERINDUSTRIAN TAMPOI,81200 JOHOR BAHRU,JOHOR"
00d0677299556,00p0504275506,177.290,2016-11-5,99 SOEED MART S/B,"LOT P.T. 33198, BATU 4 JALAN KAPAR, MUKIM KAPAR 42100 KLANG, SELANOR 1605-TMN SRI BINTANG"
00d0735262766,00p0955811695,6.0,2017-12-29,LIM SENG THO HRDWARE TRADING,"NO 7, SIMPANG OFF BATU VILLAGE, JALAN OIPOH BATU 5, 51200 KUALA LUMPUR MALAYSIA"
00d0649375713,00p0404607823,35.0,2018-7-4,DI  GHUAN YA RES7AURANT,"5,JALAN PERMAS 10/5, BANDAR BARULERMAS JAYA, 81750 JOHOR BAHRU,JOHOR"
00d0259552507,00p0876493998,772.0,7017-1-5,S&Y STATIONER Y,"NO.36G JALAN BULAN BM U5/BM, BANDAR PIGGIRAN 8UBANG, SEKSYEN U5, 40150 SHAH ALAM, SEALNGOR."
00d0551541808,00p0624888606,33.90,2019-12-1,MR SD.I.Y. (JOOR) SDN BHD,"LOT 1851-A & 1851-B, JALAN KPB 6, KAWASAN PERINDUSTRIAN BALAKONG, 43300 SERI KEMBANGAN, SELANGOR (MR DIY TESCO TEBAU)"
00d0178827407,00p0695964547,65.55,2018-3-31,MIZU MENTAK  SDDN. BH.,"NO: 1-&2 GROUND FLOOR, JLN TEMENGGUNG 13/9, 43200 CHERAS SELANGOR"
00d0810901932,00p0509459899,14.80,2017-1-19,FIVE STAR CASH & CAFRY,"G.23 & G.22, P LAZA SERI SETIA, NO.1 JALAN SS 9/1, 4730o PJ, SELANGOR."
00d0189067460,00p0596673034,12.60,2018-11-4,DOOMINO'SPIZZA,"NO.12, JALAN PERMAS JAYA 10, BANDAR BARU PEMRASJAYA, 817450 MASAI JOHOR"
00d0928411057,00p0762203108,32.7,2017-12-22,ASIAMAART,"NO.23 BATU 10, TWMAN SENTOSA, JALAN KAPAR, 42200 KLANG, SELANGOR."
00d0921867955,00p0875454804,34.8,2018-4-19,MR. DD.I.Y. ( M) SDN BHD,"LOT 1851-A & 1851-B, JALAN KPB 6, KAWASAN PERINDUSTRIAN BALAKONG, 4300 SERI KEMBANGAN, SELANGOR"
00d0394931168,00p0388685152,99.0,2018-3-21,L TWO FLORIST & HANDICRAFT,"NO.49, JALAN MAHAGONI 7/2, SEKSYEN 44 BANDAR UTAMA, 44300 BAT ANG KALI, SELANGOR."
00d0665595833,00p0442232140,15.90,2016-5-12,99 SPEED MART S/B,"LOT P.T. 2811, JALAN AGSA, TAMAN BERKELEY 41150 KLANG, SELANGOR 1558-TMN PUSAT KEPONG"
00d0647759775,00p0370958880,66.0,2017-9-30,ANN GIAP TRADING SDN BHD,"NO. 135, JALAN ANGI, 4350 SEMENYIH, SELA NGOR"
00d0437873955,00p0249633338,190.0,2018-10-3,32 PUB & BISTRO OWN BY CNU TRADING,"78G, JALAN SS1/62, DAMANSARA UTAMA, 4740 LETALING JAYA."
00d0743614936,00p0696355437,599.45,2018-3-14,BEYOND BROTHERS HARDWARE,"LOT 1-0-2, JLN 1/50, DIAMONDSQUARE, OFF JLN GOMBAK 53000 KUALA LUPUR"
00d0241023069,00p0717799799,122.80,2018-1-4,AEON CO. ( M) BHD,"3RD FLR, AEON TAMAN MALURI SC JLN JEJAKA, TAMAN MALURI CHERAS, 55100 KUALA LUMPUR"
00d0997573916,00p0143469507,635.0,2017-4-15,BEEMD (SP) SDN. BHHSD.,"NO.48, JALAN DINAR G U3/G, SUBANG PERDANA, 40150 SHAH ALAM, SELANGOR D.E."
00d0982931302,00p0325169479,12.40,2016-9-18,SANYU STATIONERY SHO,"NO. 31G&33G, JALAN SETIA INDAH X ,U13/X 40172 SETIA ALAM"
00d0635477367,00p0416321210,38.80,2018-3-28,MR. D.II.Y. (M) SDN BHD,"LOT 1851-A & 1851-B, JALAN KPB 6 , KAWASAN PERINDUSTRIAN BALAKONG, 43300 SERI KEMBANGAN, 5EANGOR"
00d0944630849,00p0231208959,4.20,2018-3-23,SW ENTERPRISE SDN BHD,"5-7, JALAN MAHAGONI 7/1 SEKSYEN 4, BANDAR UTAMA, 44300 BATANG KALI, SELANGOOR"
00d0863890590,00p0633515158,13.190,2018-11-3,YHM AEON TEBRAU CITY,"S117, SECOND FLOOR, AEON TERBAU CITY, 1, JALAN DESA TEBRAU, TAMAN DESA TEBRAU, 81100 JOHOR BAHRU, JOHOE."
00d0407044350,00p0936300037,26.80,2017-9-30,GARDENIA BAKERIES (KL) SDNBHD,"LOT 3, JALAN PELABUR 23/1, 40300 SHAH ALAJM, SELANGOR."
00d0572439292,00p0727023588,28.0,2018-3-26,MR. D.I.Y. (M) SDN BHD,"LOT 1851-A & 1851-B, JALAN KPB 6, KQAWASAN PERINDUSTRIAN BALAKONG, 43300 SERI KEMBANGAN, SELANGOR"
00d0369571763,00p0638023666,19.40,2017-9-21,HLNHWA HARDWARE TRADING,"NO 37, JALAN MANIS 7, TAMAN SEGAR, 5610 CHERAS, KUALA LUMPUR."
00d0801912850,00p0232599961,1008.50,2017-9-23,PINGHWAI TRADING SDN BHD,"NO.2, JALAN METRO PERDANA TIMUR 11, KEPONG ENTERPRENUERS PARK, OFF JAIAM KEPONG, 52100 KUALA LUMUPR."
00d0504725741,00p0750921508,109.70,2018-6-2,SINNATHAMBY HOLDINGS SDN. BHD.,"NO.17,18 & 41,JALAN BESAR,39100 BRINCHANG, CAMERON HIGHLANDS, PAHANG"
00d0243046961,00p0561436417,9.65,2018-3-29,POPULAR BOOK CO. (M) SDN BHHD,"NO 8, JALAN 7/118, DESA TUN RAZAK 56000 KUALA LUMPUR, MALAYSIA"
00d0992954979,00p0728351320,8.90,2018-5-14,UNIHAKKA INTERNATIONAL SDN BHD,"12, JAL AN TAMPOI 7/4,KAWASAN PEFRINDUSTRIAN TAMPOI,81200 JOHOR BAHRU,JOHOR"
00d0632354255,00p0971567537,15.90,2017-9-19,MR.D.I.Y(M)SDN BHD,"LOT 1851-A & 1851-B, JALAN KPB 6, KAWASAN PERINDUSTRIAN BALAKONG, 43301 SERI KEMBANGAN, SELA NGOR"
00d0890929577,00p0289353585,46.55,2018-4-20,AEON CO. (M) BHD,"3RD FLR, AEON TAMAN MLAURI SC JLN JEJAKA, TAMAN MALUI CHERAS, 55100 KUALA LUMPUR"
00d0685059326,00p0361138446,122.60,2017-1-5,SGEI CASH & CAFRYSDN.BH0,"PT17920, 8EKSYEN U9, 40150 SHAH ALAM, SELANGOR DARUL EHSAN."
00d0326687304,00p0621923085,46.90,2017-12-28,SANYU STATIONERY SHOP,"NO. 31G&3G, JALAN SETIA INDAH X ,U13/X 40170 SETIA ALAM"
00d0831136284,00p0786293614,84.0,2018-2-2,SLF CASH & CARRY,"NO.15, JLN TSJ2,TMN SUBANG JASA,OFF JLN BT 3 SUBANG, 40000 SHAH ALAM, SL."
00d0489061247,00p0452297819,887.10,2018-5-14,UROKO JAPNESE CUISINE SDN BHD,"22A-1, MALAN 17/54, SECTION 17, 46400 PETALING JAYA, SELANGOR."
00d0377951457,00p0693154757,7.60,2018-3-25,TRIPLE SIX POINT EMTERPRISE 666,NO 14 & 16 JALAN PERMAS 4/3 BANDATR BARU PERMAS JAY
00d0123031653,00p0869978345,47.4,2017-10-2,B & BEDTRESTAURANT,"NO.12, JALAN SS4C/5,PETALING JAYA ZSELANGOR DARUL EHSAN"
00d0790157720,00p0511443222,59.54,2017-12-10,GARDENIA BAKEIES (KL) SDN BHD,"LOT 3, JALAN PELABUR 23/1, 40300 SHAH ALAM, SELANGOR."
00d0744539202,00p0889335105,20.80,2017-5-21,99 SPEED MART S/B,"LOT P.T. 2812, JALAN ANGSA, TAMAN BERKELEY 41150 KLANG, SELANGOR 1032-SUBANG PERDANA"
00d0854345015,00p0667627855,78.10,2017-11-8,SUBAGNHEALTHCARE S DN BHD,"B-8, JALAN SS15/4D, 47500 SUBNG JAYA, SELANGOR"
00d0500564944,00p0311923570,38.0,2018-44-27,MR. D.O.Y. (M) SDN BHD,"LOT 1851-A & 1851-B, JQALAN KPB 6, KAWASAN PERINDUSTRIAN BALAKONG, 43300 SERI KEMBANGAN, SELANGOR"
00d0764855917,00p0249107251,73.0,2017-12-20,LIGHTROOM GALERY SDN BHD,"NO: 28,JALAN ASTANA 1C, BANDAR BUKIT RAJA, 41050 KLANG SELANGOR D.E, MALZYSIA"
00d0180967427,00p0307599222,28.5,2017-6-22,SUPER.SEVEN CASH & CARRY 8DN BHD,"NO. 1 JALAN EURO 1 OFF JALAN BATU TIGA SUNGAI BULOH SEKSYEN U3 SHAH ALAM,40150"
00d0585896483,00p0958413370,94.19,2017-7-27,GARDENIA BAKERIES (KL)SDN BHD,"LOT 3, JALAN PELABUR 23/1, 40300 SHAH ALAM, SELANGOR."
00d0185599105,00p0662381841,21.0,2016-1-25,MR. D.I.Y. (M) SDN BHD,"LOT 1851-A & 1851-B, JALAN KPB 6, KAWASAN PERINDUSTRIAN BALAKONG, 43300 SERI KEMBANGAN, SELANGOR"
00d0443910003,00p0818070712,9.90,2018-5-2,POPULAR BOOK CO. (M) SDN BHD,"NO 8, JAALN 7/118B, DESA TUN RAZAK 560 0 KUALA LUMPUR, MALAYSIA"
00d0453904564,00p0646567455,68.63,2017-10-19,GADRENA BAKER IES (KL) SDN BHD,"LOT 3, JALAN PELABUR 23/1, U03 00 SHAH ALAM, SELANGOR."
00d0952509602,00p0109499612,21.0,2018-4-3,GUARDIAN HEALTH AND BEAAUTY SDNBHD,GUARDIAN GIANT BREM MALL G-19 LEVEL G BREM MALL
00d0319760858,00p0438543906,32.30,2018-9-3,PERNiAGAAN ZHENG HUI,NO.59 JALAN PERMAS 9/5 BANDAR BARU PERMAS JAYA 81750 JOHOR BAHRU
00d0255697730,00p0475339788,15.15,2018-6-5,THE MARCO POLO KITCH BUKIT INDAH,"NO 35,JALAN INDA H 15/2,BUKIT INDAH 81200 JHOOR BAHRU,JKOHOR"
00d0603631647,00p0223923104,1.0,2017-4-30,AMANO MALAYSIA SDN BHD,12 JALAN PENGCAARA U1/48 TEMASYA INDUSTRIAL PARK 40150 SHAH ALAM SELANGOR
00d0827595193,00p0489193866,60.95,2018-3-2,SYARIKAT LERNIAGAAN GNI KEE,"NO 290, JALAN AIR APNAS, SEGTAPAK, 53200, KUALA LUMPUR."
00d0694169739,00p0604164531,21.0,2018-11-5,THE TOAST F&B SDBN BHD,LOT 2110&2111 JALAN PERMAS UTARA BANDAR BARU PERM AS 81750 JOHOR BAHRU JOHOR
00d0976342068,00p0554027220,85.54,2081-2-26,PETTRODELI ENT ERPRISE,"LOT 485, TMN LEMBAH KERAMAT JLN ULU KELANG,  54200 KUALA LUMPUR"
00d0592371977,00p0215754407,63.69,2018-5-2,BBEYOND BROTHERS HATRDWARE,"LOT 1-0-2, JLN 1/50, DIAMOND SQUARE, OFF JLN GOMBAK 53000 KUALS LUMPUR"
00d0483826961,00p0157391310,159.0,2018-3-30,LIAN HING STATUIONERY SDN BHD,"NO.32 & 33, JALAN SR 1/9, SEKSYEN 9, TAMAN SERDANG RAYA, 43300 SERI KEMBANGAN, SELANGOR DARUL EHSAN"
00d0139642641,00p0130376055,9.70,2018-5-30,UNIHAKKA INTERNATIONAL SDNN BHD,"12, ALAN TAMPOI 7/4,KAWASAN PERINDUSTRIAN TAMPOI,81200JOHOR BAHUR,JOHOR"
00d0238897436,00p0867219243,100.0,2018-12-1,PRINT EXPERT SDN BBHD,"NO 18, 20, 22, JALAN BUNGA TANJONG 2/16, 40900 SHAH ALAM, SELANGOR"
00d0334664099,00p0791836213,53.6690,2018-3-18,LITTLE CRAVINSG SDN BHD,"HQ: 7, JLN SS21/34, 47400 PJ"
00d0752144290,00p0276425172,3.0,2018-9-4,KMF FUODICIOUS SDNN BHD,"NO. 9-G, JALAN PERUBATAN 2, PANDAN INDAH, 55100 KUALA LUMPUR."
00d0608566104,00p0842178859,8.70,217-44-18,SANYU STATIONERY SHOP,"NO. 31G&33G, JALAN SETIA INDAH X ,U13/X 40170 SETIA ALAM"
00d0198786728,00p0254486012,9.0,2018-1-25,FUYII MN I MARKET,"NO 43-45-47G, TAMAN SEJATI, IJOK, 4600 BESTARI JAYA, KUALA SELANGOR."
00d0490682838,00p0914671669,4.50,2017-6-7,SANYU STATIONERY SHOP,"NO. 31G&33G, JALAN SETIA INDAH X ,U13/X 40170 SETIA ALAM"
00d0892499515,00p0572279092,2.20,2018-1-3,C W KHOI HARDWARE SDN BHD,"NO.50,JALAN PBS 14/11, KAWASAN PERINDUSTRIAN BUKIT SERDANG,"
00d0758726468,00p0984202364,21.20,2018-3-2,SLF CASH & CRRY,"NO. 15. JLN TSJ2,TMN SUVBANG JASA, OFF JLN BT 3 UBANG. 40000 SHAH ALAM. SEL."
00d0495694280,00p0167864815,5.80,2017-7-24,SANYU STAT IONERYSHOP,"NO. 31G&33G, JALAN SETIA INDAH X ,U13/X 0170 SETIA ALAM"
00d0627668053,00p0238870910,5.75,2018-4-18,AEON CO. (M) BGD,"3RD FLR, AEON TMAN MALURI SC JLN JEJAKA, TAMAN MALURI CHERAS, 51020 KKUALA LUMPUR"
00d0235890341,00p0920973403,67.85,2017-1-22,MEI LET RESTAURABNT,"NPO 2, JALANBULAN BM U5/BM, SEKSYEN U5, 40150 SHAH ALAM, SELANGOR"
00d0976572552,00p0378832942,85.10,2017-4-2,TRI SHZAS SDN BHD,"4-20, JJALAN RIA 25/62 TAMAN SRI MUDA SEKSYEN 25, 4040 SHAH ALAM SELANGOR"
00d0770792669,00p0895651563,23.20,2017-8-9,GARDENIA BAKERIES (JL) SDN BHD,"LOT 3, JALAN PELABUR 23/1, 40300 SHAH ALAM,SELANGOR."
00d0724139826,00p0629039605,29.0,2018-1-17,ADVANCO COPAYN,"NO 1&3, JALAN WANGSA DELIMA 12, WANGSA LINK, WANGSA MAJU, 53300 KUALA LUMPUDR"
00d0165073570,00p0598195765,538.0,2017-7-27,KIANO HANDEL SDN BHD,NO 2A JALAN COCHRANE TAMAN MALURI 55100 KUALA LUMPUR
00d0922342206,00p0464318489,9.20,2018-3-4,PASARAYA BORONG PINTAR SDN BHD,"NO 19-G& 199-1& 19- JALAN TASIK UTAMA 4, MEDAN NIAGA TSAIKDAMAI"
00d0408489357,00p0740723452,8.40,2018-5-24,UNIHAKKA NITERNATIONAL SDN BHD,"12, JALANTAMPOI 7/4,KAWASAN PERINDUSTRIAN TAMPOI,81200 JOHOR BARU,JOHOR"
00d0969391958,00p0962748754,4.0,2017-8-5,MAKASSSAR FRESH MARKT S/B,"GROUND FLOOR, NO. 4 & 6, JALAN SS15/4B, 47500 SUBANG JAYA, SELANGOR ."
00d0945445352,00p0540293309,50.80,2018-3-25,MR. D..Y. (M) SDN BHD,"LOT 1851-A & 1851-B, JALAN KPB 6, KASWASAN PERINNDUSTIAN BALAKONG, 4300 SERI KEKBANGAN, SELANGOR"
00d0675769257,00p0335180031,36.0,2017-12-14,SANYU STATIONERY SHOP,"NO. 3G&3G, JALAN SETIA INDAH X ,U13/X 40170 SETIA ALAM"
00d0353443719,00p0713560704,31.0,2018-9-3,AEOB N CO. (M) BHD,"3RD FLR, AEON TAMAN MALURI SC JLN JEJAKA, TAKMAN MALURI CHERAS, 5100 KUALA LUMPUR"
00d0981184214,00p0119989963,1.8,2018-4-30,WESTERN EASTER N STATIONERUY SDN. BHD,"42-46, JLN SULTAN AZLAN SHAH 521200 KUALA LUMPUR"
00d0696021247,00p0483335915,113.80,2017-4-23,TOKYO KITCHEN (CITTA MALL) TOKYO KITCHEN SDN BHD,"G-26, RD FLOOR,CITTA MALL, NO 1, JALAN P JU, 1A/4B, JLN PJU 1,ARA DAMANSARA, 47301 PETALING JAYA, SELANGOR."
00d0263805728,00p0349174241,33.90,2016-10-3,KEDAI UHAT DAN RUNCIT DCHONG HWA,"3, JALAN PERDANA 5, TAMAN INDAH PERDANA, KEPONG, 521 00 KL."
00d0602427476,00p0503970943,8.60,2018-3-18,UNIHAKKA INTEDRNATIONAL SDN  BHD,"12, JALAN TAMPOI 7/4,KAWASAN PARIJDUSTRIAN TAMPOI,8120 JOHOR BAHRU,JOHOR"
00d0206414354,00p0202506474,29.68,2017-2-21,SARIKAT PERNIAGAAN GIN KEE,"NO 290, J ALAN AIR PANAS. DETAPAK, 53200, KUALA LUMPUR."
00d0723945064,00p0732801550,48.95,2018-3-29,TONYMKOLY VIVA CITY,"UNIT L1-0444B, VIVACITY MEGAMAL, JALAN WAN ALWI, 93350 KUCHING, SAAWAK."
00d0749657219,00p0105207321,47.70,2016-12-15,HAI-O RZYA BHD,"LOT 11995, BATU 2, JALAM KAPAR 41400 KLANG, SELANGOR"
00d0416161702,00p0790454893,15.0,2017-12-28,RESTORANHASSANBISTRO,NPO.2-1-1 JALAN SEITA PRIMA Q U 13/Q 5EITA ALAMM 40170 SHAN ALAM SELANGOR
00d0471481845,00p0226554266,15.40,2018-4-19,MR. D.I.Y. (M) XDN BHD,"LOT 1851-A & 1851-B, JALAN KPB 6, KAWASAN PERINDUSTRIAN BALAKONG, 43300 SERI KEMBANGAN, SELANGOR"
00d0951021760,00p0790043827,3.70,2018-1-17,TK DIVISION KI7CHSENN SDN BHD,"19-1. JALAN MALINJA 2, TAMAN UBNGA RAYA, 53100 SETA PAK, KUALA LUMPUR."
00d0569507667,00p0624996351,12.3,2018-4-14,LAVENDER CONFECTINERY & BAKERY S/B,"LOI G29 & G30, AEON MALL TEBRAU CITY, NO. 1, JALAN DESA TEBRU, TAMAN DESA TEBRAU, 81100 JOHOR BAHRU."
00d0763327632,00p0185441749,156.0,2018-4-1,SNW HARDWARE CENTRE (M) SDN. HBD.,"NO: G3, BLK G, JLN PJU 1A/3, ARA DAMANSARA, 47301 PETAL ING JAYA, SELANGOR DARUL EHSAN."
00d0346543074,00p0914891027,341.8,2019-9-1,ABC HO TRADING,"NO.2&4, JALAN HARMONI 3/2, TAMAN DESA HARMONI. 81100 JOHOR BAHRU JOHOR"
00d0686397126,00p0559086015,9.60,2018-3-16,RESTORAN WAN 5HENG,"NO.2, JALAN TEMENGGUNG 19/9, SEKSYEN 9,  BANDAR MAHKOTA CHERAS, 43200 CHERAS, SELANGOR"
00d0388190762,00p0857969142,2950.0,2017-10-21,IN-SPARKLE TRADIHNG SDN BHD,"NO.LOT 24, BATU 11 KAMPUNG DATO, UJANG BALAKONG, 43200 CHERAS, SEL."
00d0628164309,00p0952728088,7.60,2018-4-10,UNIHAKA INTERNATIONAL SDN BND,"12, JALAN TAMPOI 7/4,KAWASAN PERINDUSTRIAN TAMPLOI,81200 JOHOR BAHRU,JOHOR"
00d0835959293,00p0522351162,10.0,2018-3-23,PAG OY RESTAND SERVICE AREA,"LOT R1, KWS REHAT & RAWAT PAGOH ARAH UTARA, SIMPANG AMPAT PAGOH, LEBUHRAYA UTARA SELATAN, 84600,PAGOH,JOHOR"
00d0928366034,00p0921426159,51.30,2016-5-1,NADEJE PLATINMU SDN BHD,"GK 101,GND FLR,ONE UTAMA SHOPPING CNTRE NO.1,LEBUH BANDAR UTAMA, 47800 PETALING JAYA, SELANGOR."
00d0750315464,00p0494401495,94.87,2018-3-1,SYARIKAT PERNIAGAAN GIN KEE,"NO 290, JALAN AIR PANAS, SETPAK, 53200, KUALA LUMPUR."
00d0595804986,00p0414240051,27.430,2016-8-30,99 SPEED MART S/B,"LOT P.T. 33198, BATU 4 JALAN KAPAR, MUKIM KAPAR 42100 KLANG, SELANGOR 1558-TMN PUSAT KEPONG"
00d0599423844,00p0874343033,103.0,2018-3-27,GL HANDICRAFT & TAII ORING,"19, JALAN KANCIL, OFF JALAN P0DU, 55100 KUALA LUMPRU MALAYSIA"
00d0957822503,00p0715492236,8.60,2018-1-21,CT281 - TEALIVE SBELL KEPONG OTFTOGO ENTERPRISE,"SHELL STATION PT15944, MUKIM BATU, JLN BESAR KEPONG"
00d0784103375,00p0952553682,4.90,2017-4-4,SANYU STATIONERY SHOP,"NO. 31G&33G, JALAN SETIA INDAH X ,U13/ZX 40170 SETIA ALAM"
00d0831212127,00p0665651850,18.0,2018-1-23,TEO HDENG STATIONERY & BOOKS,"NO.53,JAALAN BESAR,45600 BATANG BERJ UNTAI SELANOGR DARUL EH5AN"
00d0191077139,00p0967195795,99.10,2018-3-19,RESTORAN WAN SHENG,"NO.2, JALAN TENENGGUNG 19/9, SEKSYEN 9, BANDAR NMAHKOTA CHERAS, 43200 CHREEAS, SELANGOR"
00d0201817639,00p0396741350,449.40,2018-1-3,POPUULAR BOOK CO. (M) DN BHD,"NO 8, JALAN 7/118B, DESA TUN RAZAK56000 KAULA LUMPUR, MALAYSIA"
00d0776331594,00p0714899529,16.2,2018-2-2,ECO-SHOP MARKETING SDN BHD,"LOT F1-01, 6, JALAN 8/27A, SEKSYEN 55 WANGSA MAJU, 53300 KUALA LUMPUR, WILAYAH PERSEKUTUAN KUALA LUMPUR, MALAYSIA."
00d0734092781,00p0566840041,12.30,2018-5-24,MR. D.I.Y. (M) SDN BHD,"LOT 1851-A & 1851-B, JALAN KPB 6, KAWASAN PERINDUSTRIAN BALAKONG, 43300 SERI KEMBANGAN, SELANGOR"
00d0986033233,00p0179596721,1.20,2018-11-1,SYARIKAT PERNIAGAAN GIN KEE,"NO 290, JALAN AIR PANA, SETAPAK, 53200, KUALA LUMPUR."
00d0950629356,00p0933700126,12.0,2018-12-5,DE LUXE CIRCLE FRESH MART SDN BHHD,"NO. 89&91, JALAN UTAMA, TAMA MUTIAA RINI, 81300 SKUDAI, JOHOR."
00d0259127407,00p0106130180,88.17,2018-2-21,SUN WONG KUT SDN BHD,176 JLN SSUNGEI BESI 57100 KUALA LUMPUR.
00d0606455264,00p0871283545,11.76,2018-2-28,KEDAI PAOAN YEW CHUAN,"LOT 276 JALAN BANTING 43800 DENGKIL, SELANOR."
00d0639354292,00p0508924387,,2018-3-10,UNIHAKKA INTERNATIONAL SDN BHD,"12, JALAN TAMPOI 7/4,KAWASAN PERINDUSTRIAN TAMPOI,8120 JOHOR BAHRU,JOHOR"
00d0607552804,00p0667640773,8.0,2017-10-10,TSH POWER HARDWARE TRADING,"13-1, JALAN PJU 5/10, DQTARAN SUNWAY, KOTA DAMANSARA, 47810, PETALING JAYA, SELANGOR"
00d0930697230,00p0115694764,28.50,2018-5-5,OLD TOWN OPITIAM SDN BHD,"NO,35, JALAN KEBUDAYAAN 8, TAMAN UNIVERSITY,8I300 SKUDAI, JOHOR"
00d0426803895,00p0249299212,31.80,2018-3-19,BON SENG PAPER SD BHD,"12, JAALN BUNGA TANJUNFG,2/16 SEKSYEN 2,40000 SHAH ALAM, SELANGOR"
00d0638988191,00p0432994198,31.8,2017-10-18,GRDENIA BAKERIES (KL) SDN BHD,"LOT 3, JALAN ELABUR 23/1, 40300 SHAH ALAM, SELANGOR."
00d0121880972,00p0943973787,100.990,2018-3-13,YYONY TT HARDWARE TRADING,"NO 4,JALAN PERJIRANAN 100, TAMAN AIR BIRU, 8170 PASIR GUDANG, JOHOR."
00d0664097059,00p0544980218,31.45,2017-11-12,MPH BOOKSTORES DSN BHD,"LOT S319, 2ND FLOOR, 1 UTAMA SHOPPING CENTRE, NO1, LEBUH BANDAR UTAMA,47800P.JAYA"
00d0377572170,00p0616191740,165.0,2017-6-14,BEMED (SP) DSN. BHD.,"NO.49, JALAN DINAR G U3/G,SUBANG PERDANA, 40150 SHAH ALAM, SELANGOR D.E."
00d0182384739,00p0477834691,39.78,2017-8-24,GARDENIA BAKRIES (KL) SDN BHD,"LOT 3, JALAN PELABUR 23/1, 40300 SHAH ALAM, SELANGOR."
00d0953772440,00p0804023246,4.70,2017-5-15,BROADVIEW MARKETING SDN BHD,"NO. 9-G, JALAN DINAR D U3/D TAMAN SUBANG PERDAAN, SEK,U3, 40150 SHAH ALAM,SELANGOR DD.E."
00d0534693438,00p0430763828,2.0,2018-4-5,THE RTOI MAN BAKEDY,"117, JALAN RADIN HAGUS, SRI PEIALING"
00d0964499840,00p0817023586,26.690,2018-1-18,GGERBNAG ALAF RESTAURATS SDN BHD,"LEVEL 6, BANGUNAN TYH, DAMANSARA UPTOWN3 NO.3, JAIAN SS21/39,47400 PETALING JAYA SELANGOR"
00d0904741091,00p0249157522,8.70,2018-5-13,UNOIHAKKA INTERNATIONAL SDN BHD,"12, JALAN TAMPOI 7/4,KAWZSAN PERINDUSTRIAN ATMPOI,81200 JOHOR BAHRU,JOHOR"
00d0674219107,00p0131025914,52.45,2017-8-2,PREMIO STATIONERY SDN BHD,F-G-01 JALAN SS 6/5B DATARAN GLOMCA. KELANA JAYA 47001 PETALING JAYA. SELANGOR
00d0362311019,00p0166204246,2.10,2016-4-6,99 SPEED ART S/B,"LOT P.T. 33198, BATU 4 JALAN KAPAR, MUKIM KAPAR 42100 KLANG, SELANGOR 1174-PERMATA MAGNA"
00d0760304510,00p0947905633,8.60,2016-6-44,MR. D.I.Y. (M) SDN BBHD,"LOT 1 851 -A & 1851-B, JALAN KPB 6, KAWASAN PERINDUSTRIAN BALAKONG, 43300 SERI KEMBANGAN, SELANGOR"
00d0588374381,00p0171550031,32.50,2017-9-2,YSOON FATT S/B,"LOT 1594, BATU 8 1/2, JALAN KLANG LAMA, 46000 PETALING JAYA, SELWANGOR."
00d0911267818,00p0763984016,143.30,2016-7-6,MR. D.I.Y. (KUCHAI) SDN BHD,"LOT 1851-A & 1851-B, JALAN KPB 6, KAWASAN PERINDUSTRIAN BALAKONG, 43300 SERI KEMBANGANN, SELANGOR"
00d0411132243,00p0772972704,84.19,2017-10-26,GARDENIA BAKERIDS (KL) SDN BHD,"LOT 3, JALAN PELABUR 23/1, 40300 SHAH ALAM, SELANGOR."
00d0913770897,00p0520657247,112.45,2018-12-2,PERNJAGAAN ZHENG HU,NO.59 JALAN PERMAS 9/5 BANDAR BARU PERMAS JAYA 81760 JOHOR BAHRU
00d0308915412,00p0349016507,11.600,2018-5-772,KFA SUPLY,125A TUNGKAT BAWAH PT 1961 JALAN MALIINJA SITE B 45400 SEKINCHAN SELANGOR
00d0419719085,00p0617886989,118.35,2017-5-25,SEGI CASH & CARRYY SDN. BHD.,"PT17920 SFK U9, SSHAH ALAM"
00d0948775947,00p0493082902,3.76,2018-4-20,HAXINCONE RESOURCES SDN BDH,"16A, JALAN ASTAKA U8/83, BUKIT JELUTONG 40159 SHAH ALAN, SFLANGOR D.E."
00d0564198512,00p0966556501,18.0,2017-3-6,BROADVIEW  MARKETING SDN NBHD,"ON. 9-G, JALAN DINAR D U3/D TAMAN SUBANG PERDANA, SEK,U3, 40150 SHAH ALAM,SELANGOR D.E."
00d0194796076,00p0121173329,37.55,2017-8-21,GARDENIA BAKERIES (KL) SDN BHD,"LOT 3, JALAN PELABUR 23/1, 49300 SHHAH ALAM, SELANGOR."
00d0448828100,00p0649797797,8.0,2018-3-15,PERNIAGAAN ZHENG HUI,NO.59 JALAN PERMAS 9/5 BANDAR BARU PERMAS JAYA 81750 JOHOR BAHRU
00d0599930970,00p0267824528,247.55,2017-9-13,BECON STATIKONER BECON ENTERPRISE SDN BHD,"NO.41G, JLN SS21/60, DAMANSARA UTAMA, 47400 PJ, SELANGOR."
00d0876837917,00p0612141573,56.0,2018-3-30,RE AIS TTOAL OULMES,AUTOROUTE RABAT MEKNES 150090 KHEMISSET
00d0650437495,00p0408927089,41.78,2017-10-24, GAERDENIA BAKERIES (KL) SND BHD,"LOT 3, JALAN PELABUR 23/1, 40300 SHAH ALAM, SELANGOR."
00d0338048914,00p0885791620,127.520,2018-6-3,KEDAI PAPAN YEW CHUAN,"LOT 276 JALAN BANTING 4380 DENGKIL, SELANGOR."
00d0626463001,00p0285038306,8.7,2018-3-3,UNIHAKKA INTERNATIONNAL SDN BHD,"12, JALLAN TAMPOI 7/4,KAWASAN P ERINDUSTRIAN TAMPOI 81200 JOHOR BAHRU,JOHOR"
00d0389135415,00p0134025156,45.0,2018-72-3,MR. D.I.Y. (KUCHAI) SDN BHD,"LOT 18551-A & 1851-B, JALAH KPB 6, KAWASAN PERINDUSTRIAN BALAKONG, 4330 SERI KEMBANGAN, SELANGOR"
00d0886341707,00p0151413045,164.0,2018-5-26,DIMILIKI OLEH : DOVE HOIDINGS SDN BHD,"LOT S25, AEON TEBRAU CITY JUSCO NO 1, ILN DESA TEBRAU, TMN DESA TEBRAU, 81100 JOHOR BAHRU, JOHOR"
00d0435587221,00p0565254218,0.36,2018-1-13,SYARIKAT PERNIAGAAN GIN KEE,"NO 290, JALAN AIR PANAS, SETAPAK, 53200, KUALA LUMPUR."
00d0422368687,00p0788296642,7.70,2018-12-5,VERBENA GONFECTIONERY SDN BHD,"1, AJLAN SUTERA TANJUNG 8/4, TMN SUTERA UTAMZ, 81300 SKUDAI, JB."
00d0920899195,00p0168791540,65.56,2018-9-3,RESTAURANT JIAWEI JIAWEI HOUSE,"13, JLN TASIK UTAMA 8 MEDAN NIAGA DAMAI SG BESI 57000 KL"
00d0450998902,00p0290159783,60.0,2018-11-2,EL1TETRAX MARKETIGN SDN BHD,"LOT 1F-01&02,01ST FLR,PARADIGM MALL, NO. 1 JALAN SS 7/26A, KELANA JAYA, 47301 PETALING JAYA"
00d0530724847,00p0957016018,6.0,2018-3-19,RESTROAN WAN SHENG,"NO.2, JALAN TEMENGGUNG 19/9, SEKSYEN 9,  BANDAR MAHKOTA CHERASS, 43200 CHERAS, SELANGOR"
00d0935614053,00p0668350636,79.10,2018-3-27,LIAN HIJN STATIONERY SDN BHD,"NO.32 & 33, JALAN SR 1/9, SEKSYEN 9, TAMAN SERDANG ERAYA, 43300 SERI KEMBANGAN, SELANGOR DARUL EHSAN"
00d0787822677,00p0328451488,30.70,2018-5-17,DE MAXIMUM THAI EXPRESS SDN BHD,"BLK 2, UNIT G1 & G2, BESTARI TERRACE, LOT PTD 182908 & PTD 143216, JALAN DANGA, TAMAN NUSA BESTARI, 81300"
00d0885837043,00p0395475430,39.0,2018-2-22,NADEJE PRESTIGE SDN BYD,"LOT NO. : G1 . 116A,GROUND FLOOR , SUNWAY PYRAMID , NO.3, JALAN PJS 11/15, BANDAR SUNWAY , 4750 PETALING JAYA."
00d0726102139,00p0126011232,43.7,2017-7-4,SANYU STATIONERY HSOP,"NO. 31G&33G, JALAN SETIA INDAAH X,U13/X 40170 SERTIA ALAM"
00d0177909385,00p0482629744,555.10,2018-1-14,TEO HENG STATIONERY & BOKS,"NO.53, JALAN BESAR, 45600 GATANG BEJUNTAL SELANGOR DARUL EHSAN"
00d0764796072,00p0664046493,7.2,2018-4-16,AMPANG 210 FIRST CIYT PPARKING SDN BHD,"A-09-10 PRIMA AVENUE THE TUBE, 1/39, D ATARAN PRIMA 46301 PETALING JAYA SELANGOR DE"
00d0242366463,00p0778749877,8.95,2016-7-31,YAM FRESH,"NO.145G, JALAN RIMBUNAN RAYA 1, LAMAN RIMBIUNAN KEPONG, 52100 KUALA LUMPUR"
00d0844880238,00p0766704342,9.20,2018-3-24,UNJHAKKA INTERNATIONAL SDN BHD,"12, JALAN TAMPOI 7/4,KAWASAN PERINDUSTRIAN TAMPOI,81200 JOHOR BAHRU,JOHOR"
00d0439076290,00p0608557804,68.10,2016-4-22,MR. D.I.Y. (M) SDN BHD,"LOT 151-A & 1851-B, JALAN KPB 6, KAWASAN PERINDUSTRIAN BALAKONG, 43300 SERI KEMBANGAN,SELANGOR"
00d0171220341,00p0715773213,116.28,2018-11-1,SYARIKAT PERNIAGAAN GIN KEE,"NO 290, JALAN AIR PANAS, SETAPAK, 53200, KUALA LUMPUR."
00d0827574327,00p0122778094,25.10,2017-1-11,99 SPEED MART S/B,"LOT P.T. 2811, JALAN ANGSA, TAMAN BERKELEY 41150 KLANG, SELANOGR 1214-JINJANG UTARA"
00d0159988592,00p0886804274,8.70,1018-4-11,UNIHAKKA INTERNATIONAL SDN BHD,"12,JALAN TAMPOI 7/4,KAWASAN PERINDUSTRIAN TAMPOI,81200 JOHOR BAHRU,JOHOR"
00d0432757654,00p0442168254,27.0,20158-44-13,ENW HARDWARE CENTRE (M) SND. BHD.,"NO: G3, BLK G, JNL PJU 1A/3, ARA DAMANSARA, 47301 PETALING JAYA, SELANGOR DARUL EHSAN."
00d0338418904,00p0719047134,30.90,2018-11-18,R M D.I.Y. (M) S0N BHD,"LOT 41851-A & 1851-B, JALAN KPB 6, KAWASAN PERINDUSTRIAN BALAKONG, 43300 SERI KEMBANGAN, SELANGOR (TESCO PTRA NILAI)"
00d0692025607,00p0688673200,7.0,2018-12-3,RESTTORAN WAN SHENG,"NO.2, JALAN TEMENGGUNG 19/9, SEKSYEN 9, BANDAR MAHKOTA CHERAS, 43200 C HERAS, SELANGOR"
00d0366175414,00p0519901459,7.0,2018-4-18,UNIHAKKA INTERNATIONAL SDN BHD,"12, JALAN TAMPOI 7/4,KAWASAJN PERINDUSTRIAN TAMPOI,81200 JOHOR BAHRU,JOHOR"
00d0289417092,00p0773510088,15.10090,2017-12-2,HOME MASTER HARDWARE & ELECTRICAL,"NO.113G & 115G, JALAN SETIA GEMBILANG U13/BG BANDAR SETIA ALAM, 40170 NBANDAR SETIA ALAM, SELANGOR."
00d0116788763,00p0903716403,9.1,2018-11-4,MR. D.I.Y. (M) SDNNBHD,"LOT 1851-A & 1851-B, JALAN KPB 6, KAWASAN PERINDUSTRIAN BALAKONG, 43300 SERI KEMBANGAN, SELANGOR"
00d0553233477,00p0677861166,21.50,2018-2-16,GOLDEN SCOOP SDN BH D,"A-16-1, TOWER A, NORTHPOINT OFFICE, MID VALLEY CITY, NO1, MEDAN SYED PUTRA UTARA KUALA LUMPUUR MALAYSIA"
00d0366117594,00p0353047505,8.40,2018-3-21,ANZEL ADVERTISING (M) SDN BHD,"UNIT G-5B, GROUND FLOOR, WISMA UOA II, NOO 21, JALAN PINANG, 50450 KUALA LUMPUR,MALAYSIA"
00d0968376605,00p0984408154,189.110,2016-12-13,GREE N IANE PHARMACY SDN BHD,"33 JLN BANGAU 1,KEPONG BARU, 52100 KEPONG,KL"
00d0159517738,00p0438758078,24.40,2017-8-14,99 PSEED M ART S/B,"LOT P.T. 2811, JALAN ANGASA, TAMAN BERKELEY 41150 KLABG, SELANGOR 1243-JLN PUDU ULU"
00d0884773399,00p0458217295,66.90,2018-3-27,UNIHAKA INTEENQATIONAL SDN BHD,"12, JALAN ATMPOI 7/4,KAWASAN PARINDUSTRIAN TAMPOI,81200 JOHOR BAHRU, JOHOR"
00d0930689679,00p0824784259,7.242,2017-2-12,SYARIKATT PERNIAGAAN GN KEE,"NO 290, JALAN AIR PANAS. SETAPAK. 53200, KUALA LUMPUR."
00d0815885891,00p0808351813,75.0,2018-4-16,WESTERN EASETRN ST TIONERY SDN. BHD," 42-46, JLN SULTAN ZALAN SHAH 51200 KUALALUMPUR"
00d0963161084,00p0964319972,21.37,2017-4-23,TIMES BOOKSTORES,"LOT F21 & 22, CIT TA MALL NO 1, JLN PJU 1A/4 47301"
00d0817657245,00p0808078518,3.90,2017-10-31,SANYYU STATIOBERY SHOP,"NO. 31G&33G, JALAN SETIA INDAH X ,U13/X 40170 SETIA ALAM"
00d0818597221,00p0953555728,888.95,2018-2-28,AWON CO. (M) BHD.,"3RD FLR, AEON TAKAN MALURI SC JLN JEJAKA, TAMAN MALURI CHERAS ,55100 KUALA LUMPUR"
00d0400234172,00p0608933157,68.41,2017-6-8,GARDENIA BAKERIES (KL) SDN PHD,"LOT 3, JALAN PELABUR 23/1, 40300 SHAH ALAM, SELANGOR."
00d0186887844,00p0333856318,26.16,218-3-23,MR. D.I.Y. () SDN BHD,"LOT 15851-A & 1851-B, JALAN KPB 6, KAWASAN PERINDUSTRIAN BALAKONG, 43300 SERI KEMBANGAN, SELANGOR"
00d0797433528,00p0300758854,37.80,2017-8-3,MR. D.I.Y. (KUCHAI) SDN BHD,"LOT 1851-A & 1851-B, JALAN KPNBB 6, KAWASAN PERINDUSTRIAN BALAKONG, 43300 SERI KEMBANGAN, SELANGOR"
00d0976607312,00p0264582387,9.910,2018-2-20,9 SPED MART S/B,"LOT P.T. 2811, JAPAN ANGSA, TAMAN BERKELEY 41150 KLANG, SELANGOR 1249-TMN PANDAN CAHAYA"
00d0849102191,00p0452419266,10.7,2018-5-27,UNIHAKKA INTERNATIONAL SDN BHD,"21, JALAN TAMPOI 7/4,KKAWASAN PERINDUSTRIANTAMPOI,8120 JOHOR BHRU,JOHOR"
00d0892818805,00p0762283684,95.50,2017-1-9,GARDENIA BAKERIES (J KL) DSN BHD,"LOT 3, JALAN PELABUR 2 3/1, 40300 SHAH ALAM, SELANGOR."
00d0555910882,00p0495564015,10.45,2018-3-28,AX0VANCO COMAPNY,"NO 1&3, JALAN WANGSA DELIMA 12, WANGSAA LINK, WANGSA MAJU, 53 300 KUALA LUMPUR"
00d0343987945,00p0568347014,5.0,2017-3-13,TRISHAAS SDN BHD,"4-20, JALA RIA 25/62 TAMAN SRI MUDA SEKSYEN 25, 40400 SHAH ALAM SELANGOR"
00d0453489586,00p0665705880,0.20,2018-4-22,AEON CO. (M) SDN BHD,"3RD FLR, AEON TAMAN MALURI SC JLN JEJAKA, TA MAN MALURI CHERAS, 55100 KUALA LUMPUR"
00d0223498663,00p0611347643,29.30,2016-12-25,GOLDEN ARCHES RESTAURANTS SDN BHD,"LEVEL 6, BANGUNAN TH, DAMANSARA UPTOWN3 NO.3, JALAN SS21/39,47400 PETALING JAYA SELANGOR"
00d0206227401,00p0603265655,8.70,2017-8-7,SANYU STATIONERY SHOP,"NO. 31G&3G, JALAN SETIA INDAH X ,U13/X 40170 SETIA ALAM"
00d0898930568,00p0751192439,2.50,2018-1-24,99 SPEED MART S/B,"LOT P.T. 281 1, JALAN ANGSA, TAMAN BERKELEY 41150 KLANG, SELANGOR 1076-IJOK"
00d0397644256,00p0962484273,63.80,2018-2-22,BILLION SIX ENTERPRISE,"NO 3, JALAN TAMAN JAS'A 2; . SECTION U6, 40150 SHAH ALAM."
00d0692152542,00p0804207368,5.88,2017-5-24,SABNYU STATIONERY SHOP,"NO. 31G&33G, JALAN SETIA INDAH X ,UU13/X 4170 SETIA  ALAM"
